"","cap_hit","GP","plusminus","Eplusminus","PIM","OTG","GWG","NPD","xGF","xGA","Grit","ev_G","ev_A","ev_A1","ev_PTS","ev_IPP.","ev_SH.","ev_PDO","ev_F.60","ev_A.60","ev_Pct.","ev_RelPct.","ev_ixG","ev_iSCF","ev_iCF","ev_iFF","ev_iSF","ev_iRB","ev_iRS","ev_iDS","ev_Pass","ev_iHF","ev_iHA","ev_iGVA","ev_iTKA","ev_iBLK","ev_iFOW","ev_FO.","ev_CF","ev_CA","ev_FF","ev_FA","ev_SCF","ev_SCA","pp_G","pp_A","pp_A1","pp_PTS","pp_TOI","pp_TOI.GP","pp_F.60","pp_A.60","pp_Pct.","pp_RelPct.","pk_G","pk_A","pk_PTS","pk_TOI","pk_TOIGP","pk_F.60","pk_A.60","pk_Pct.","pk_RelPct.","pk_iTKA","pk_iBLK","Prev3GP","ev_Prev3G","ev_Prev3A","ev_Prev3PTS","ev_Prev3TOI","ev_Prev3Corsi","pp_Prev3PPG","pp_Prev3PPA","pp_Prev3PPP","pp_Prev3TOI","pk_Prev3Blk","pk_Prev3Hits","pk_Prev3TOI","stars","position"
"1",2500000,49,1,9.2,54,0,0,-7.5,33.5,24.5,224,2,2,0,4,22.2,4.7,979,66.9,44,60.3,9.7,2.5,6,122,73,46,6,5,11,0,106,85,30,9,48,0,0,785,516,565,369,96,79,0,0,0,0,259,0.1,38,12.7,75,-6,0,0,0,1666,0.61,11.8,66.9,15,-2.2,0,5,164,4,27,31,2503.8,20.8,0,6,6,120.9,30,35,201.6,0,"D"
"2",1100000,75,10,-2.3,65,0,1,-13.5,54,75.4,433,4,7,3,11,27.2,7.6,1019,55.3,60.2,47.9,-3,2.5,3,157,95,59,2,5,7,76.2,205,118,42,13,91,0,0,1029,1120,786,837,174,157,0,0,0,0,54,0.05,9.3,0,100,16,0,0,0,13061,2.82,13,105.7,10.9,1.8,3,37,207,10,28,38,3358.6,-12.8,0,0,0,9.3,104,79,566.2,1,"D"
"3",2525000,82,8,4.1,54,0,0,1.3,62.9,75.8,395,2,15,6,17,36.2,7.1,1002,53.5,50.3,51.6,-0.1,3.2,2,203,136,95,10,11,21,163,152,140,64,8,125,1,100,1273,1202,938,892,193,193,0,0,0,0,745,0.21,56,17.5,76.2,-11.8,0,1,1,10752,2.19,11.3,87.3,11.5,-2.7,1,31,14,1,1,2,145,28.1,0,0,0,0,0,0,9.9,2,"D"
"4",4875000,81,-5,-6.3,36,0,0,-1.5,61.2,81.8,223,7,8,4,15,32.6,6.6,990,53.5,54.5,49.5,1.6,6.7,7,275,215,154,1,10,11,107.7,53,77,52,40,92,0,0,1242,1264,967,966,148,174,0,1,1,1,2465,0.6,80.7,12.4,86.7,-3.8,0,1,1,12621,2.55,15.5,87.1,15.1,-2.1,3,20,3,0,0,0,48.3,7.5,0,0,0,0,0,0,0.6,2,"D"
"5",1200000,70,-3,3,154,0,0,-19.4,34.6,37.4,622,1,2,2,3,13.6,5.1,990,53.5,56.7,48.6,0.5,1.9,3,115,74,50,4,11,15,75.2,351,134,14,5,80,1,100,822,874,584,629,114,99,0,0,0,0,71,0.04,0,0,0,-84.3,0,0,0,2997,0.76,20.5,86.7,19.1,7.4,1,10,139,3,11,14,1773.8,-22.1,0,0,0,1.9,70,51,310.7,0,"D"
"6",4100000,82,14,13.1,82,0,1,-6.5,68.8,75.4,394,4,11,3,15,30.9,7.4,995,56,48.5,53.6,6.3,4.7,8,171,121,80,4,11,15,75.2,176,119,49,18,66,0,0,1214,1050,925,783,209,162,0,0,0,0,369,0.11,39.4,5.9,87,-1.2,1,1,2,11527,2.35,13.1,99.1,11.6,-2.8,4,11,99,5,13,18,1601,23.2,0,0,0,8.2,24,22,186.4,3,"D"
"7",1e+06,68,-5,4.5,34,0,0,-7.2,53.1,48.8,189,2,15,5,17,45.9,6.6,990,53.5,51.9,50.7,4.5,2.8,2,170,116,82,2,9,11,131.5,84,45,24,12,64,0,0,971,942,755,717,133,128,1,1,1,2,5955,1.54,78.5,10.2,88.5,0.1,0,0,0,3427,0.88,5.9,91.4,6.1,-2.4,2,2,216,9,35,44,3280.3,-10.1,7,35,42,537.2,38,44,292.9,0,"D"
"8",2150000,56,-20,-12.8,73,0,0,-8.1,32,51.7,298,0,8,6,8,36.4,5.7,966,50.3,55.4,47.6,1.2,2.4,1,136,87,52,1,4,5,202.4,141,43,18,12,49,0,0,748,828,556,624,69,113,0,2,1,2,2140,0.7,72.5,6,92.4,6.6,0,0,0,7186,2.17,12.7,96.5,11.7,-1.9,0,18,89,2,11,13,1400.5,-48.1,2,3,5,89.6,1,5,46.9,0,"D"
"9",650000,7,-4,-0.1,4,0,0,-0.6,3.9,4,19,0,0,0,0,0,3.4,901,64.6,58.6,52.5,6.3,0.3,0,19,12,10,0,1,1,0,9,7,1,1,5,0,0,97,87,75,62,11,13,0,0,0,0,2,0,0,3000,0,0,0,0,0,73,0.25,35,35,50,42.3,0,0,33,2,1,3,480.6,9.4,0,0,0,0.5,2,0,10.1,0,"D"
"10",4166666,80,-31,-10.2,58,0,1,-6,76.4,65.4,212,3,15,8,18,50.7,5.6,982,51.8,50.8,50.5,6,4.8,9,206,143,94,6,6,12,265.4,68,55,45,18,64,0,0,1177,1158,903,905,168,178,0,13,4,13,10887,2.27,91.6,12.3,88.2,5.4,0,0,0,1514,0.36,0,67.7,0,-7.1,1,1,123,6,20,26,2059.9,-1.2,0,12,12,213.8,3,2,61.1,4,"D"
"11",650000,19,2,-0.4,2,0,0,-0.7,8.2,10.9,39,0,0,0,0,0,6,1008,52.3,47.7,52.3,6.5,0.5,1,38,29,16,0,2,2,0,22,46,11,0,8,0,0,241,222,184,175,27,32,0,0,0,0,151,0.1,32.9,11,75,-25,0,0,0,1290,1.14,19.3,74.5,20.6,13.2,0,2,0,0,0,0,0,0,0,0,0,0,0,0,0,0,"D"
"12",650000,4,-2,1,0,0,0,0.2,1.4,1.5,5,0,0,0,0,0,0,889,44.7,51.7,46.4,-3.7,0.2,1,8,5,4,1,0,1,0,3,4,4,1,2,0,0,33,38,28,28,3,4,0,0,0,0,0,0.1,0,0,0,-88.9,0,0,0,0,0,0,0,0,0,0,0,26,0,5,5,344.6,-19.8,0,0,0,0.2,2,1,16.4,0,"D"
"13",650000,21,-3,-0.4,12,0,0,-3.5,11.7,12.1,39,0,3,2,3,42.9,5.4,979,53.9,53.2,50.3,3.4,1,1,51,29,18,1,4,5,74.4,14,15,9,4,13,0,0,262,256,180,200,35,31,0,0,0,0,362,0.34,73.5,16.3,81.8,-5.7,0,0,0,133,0.15,0,65,0,-17.6,0,0,9,0,0,0,117.6,29.8,0,0,0,0.4,0,0,1.8,1,"D"
"14",1e+06,81,-14,-12,32,0,1,0,60.4,81.2,261,5,10,7,15,34.9,6.6,976,53.9,58.5,48,1.5,4.3,6,240,161,110,4,10,14,199.3,66,42,38,25,112,0,0,1235,1335,920,990,151,165,0,3,1,3,5202,1.11,65.1,11.9,84.5,-3.2,0,0,0,14746,3.01,10.9,91.2,10.7,-3.8,3,35,216,18,36,54,3977.1,-16.4,5,11,16,375.7,114,33,648.8,1,"D"
"15",2225000,60,22,10.1,16,0,0,-2.6,40.8,36.2,104,3,13,3,16,38.1,10,1044,57,49.6,53.5,5.4,3.3,7,135,88,57,1,3,4,58.7,49,68,42,35,34,0,0,822,715,592,539,134,88,0,0,0,0,572,0.17,85.2,11.3,88.3,0.1,0,1,1,2561,0.76,14.2,77.9,15.4,4.5,1,3,140,5,21,26,2209,11.5,0,0,0,10.1,16,3,108.4,1,"D"
"16",964688,41,-4,-1.4,37,0,1,-3,26.5,32.3,144,5,1,0,6,30,6.7,981,56.3,58.2,49.2,-0.6,1.2,2,63,42,30,0,1,1,0,51,51,24,13,43,0,0,562,576,420,408,86,90,0,0,0,0,302,0.15,32,7.5,81.1,-4,0,1,1,3022,1.23,16.1,96.1,14.4,1.3,0,9,62,1,9,10,770.5,-0.8,0,0,0,8.9,17,6,67.6,2,"D"
"17",650000,39,0,1.1,12,0,0,-1.6,17.2,18.5,106,2,4,1,6,33.3,8.5,1007,50.6,59.7,45.9,-1.6,1,0,51,38,20,0,2,2,22,30,72,9,2,56,0,0,399,469,309,324,55,48,0,1,0,1,24,0.06,28.2,0,100,16.2,0,0,0,1382,0.6,6.3,68.1,8.5,-2.4,0,7,170,4,11,15,1912.1,-23.3,0,1,1,3.8,44,7,271.4,1,"D"
"18",4025000,82,23,9.8,20,0,0,11.8,76.7,70.9,225,2,16,7,18,27.1,9.3,1009,57.8,49,54.1,5.8,3.6,3,232,139,91,4,10,14,146.2,50,123,30,44,116,0,0,1411,1198,1018,890,227,181,0,2,0,2,3044,0.64,86.9,10.1,89.5,-4.7,0,0,0,10647,2.11,13.3,76.6,14.8,-6.1,6,21,69,3,8,11,1099.6,1.1,1,4,5,64.4,15,1,71,1,"D"
"19",2400000,74,8,0,44,0,1,3.7,65.9,62.5,213,2,14,6,16,29.9,8.9,1021,57.6,56.2,50.6,0.8,3.5,3,182,120,89,7,11,18,131.7,62,164,68,11,94,0,0,1174,1145,836,822,176,169,2,10,6,12,7349,1.7,81.3,18,81.9,-3.7,0,0,0,4317,1.01,12.6,71.6,15,5.3,0,5,145,2,23,25,2121.4,-9.5,1,4,5,147.1,10,2,42.1,3,"D"
"20",7e+05,68,-12,3.1,28,0,2,0.2,66.2,54,158,5,9,2,14,44.4,5.7,976,59.7,55.6,51.8,2.6,3.5,7,157,104,77,4,2,6,66,35,86,35,11,84,0,0,1042,972,759,696,144,155,1,12,3,13,9340,2.25,90.6,10.7,89.5,0.3,0,0,0,2271,0.6,11.5,82.3,12.2,2.7,1,2,225,15,51,66,3911.7,-0.8,10,43,53,685.7,11,1,137,2,"D"
"21",850000,4,2,-0.1,0,0,0,2.2,1.4,1.5,5,1,1,0,2,66.7,17.6,1121,55.2,58.2,48.7,-1.8,0.1,0,6,3,3,0,0,0,0,2,2,2,2,3,0,0,35,36,24,26,5,8,0,0,0,0,0,0.08,0,0,0,-78.9,0,0,0,56,0.28,0,0,0,-18.2,0,0,50,1,3,4,733.8,3,0,0,0,13.9,3,2,29.2,0,"D"
"22",1600000,44,-5,-10.4,6,0,0,3.4,22.2,35.5,147,3,7,1,10,37.7,8.7,997,49,56.2,46.6,-2.4,1.3,1,88,56,39,1,5,6,21.4,71,62,26,17,53,0,0,568,646,406,494,60,105,0,0,0,0,89,0.07,72,19.4,78.8,-12.4,0,0,0,2580,1.01,9.4,90.9,9.3,-3.7,0,13,9,0,2,2,129.3,-15.8,0,0,0,5,3,1,15.3,0,"D"
"23",4100000,70,0,2.2,14,0,0,5.5,65.3,71.5,226,1,10,4,11,22.7,7.4,989,56,53.3,51.3,1.5,2.8,5,162,91,68,8,5,13,94.5,104,171,32,22,82,0,0,1143,1088,861,807,212,198,0,4,2,4,2172,0.55,71.2,12.2,85.3,4.7,0,0,0,7690,1.88,13.1,85.1,13.4,0.5,2,14,93,1,17,18,1483.3,-19.1,0,0,0,51.1,11,4,110.7,1,"D"
"24",1e+06,52,-4,-3.3,18,0,0,-0.9,31.5,49.9,170,2,7,3,9,34.6,7.3,980,53.5,59.8,47.2,-2.3,2,5,113,66,35,5,4,9,83.1,27,59,30,12,90,0,0,721,800,522,526,96,101,0,0,0,0,424,0.17,30.3,15.2,66.7,-13.4,0,0,0,7243,2.23,13.2,117.1,10.1,1.8,2,28,235,8,36,44,4141.9,10.2,0,0,0,31.3,75,22,519.5,0,"D"
"25",5500000,81,7,1.7,32,0,2,1.6,65.8,66,229,0,24,13,24,44.4,8.4,1008,52.8,50.7,51,4.3,5.3,8,290,188,137,4,11,15,288,69,146,31,32,88,0,0,1196,1145,885,847,151,150,4,6,3,10,8508,1.77,91.4,9.4,90.7,3.4,0,1,1,10262,2.11,11.4,77.7,12.8,3.3,4,23,79,6,20,26,1277.1,11,3,4,7,126.8,7,3,70.9,5,"D"
"26",750000,3,-2,-0.5,2,0,0,-0.8,0.9,1.4,13,0,0,0,0,0,0,882,49.5,57,46.5,-5.9,0.1,0,4,3,2,0,0,0,0,9,0,2,0,1,0,0,28,32,19,26,2,5,0,0,0,0,0,0,0,0,0,-100,0,0,0,193,1.08,18.3,55,25,-19.4,0,0,1,0,0,0,14,-9.8,0,0,0,0,0,0,0,0,"D"
"27",675000,3,0,0,2,0,0,-0.8,0.8,1,7,0,0,0,0,0,7.7,994,45.5,49.6,47.8,-1,0.1,0,5,3,2,0,0,0,0,3,3,1,0,2,0,0,25,27,16,19,2,4,0,0,0,0,0,0,0,0,0,0,0,0,0,0,0.2,0,0,0,-18.2,0,0,0,0,0,0,0,0,0,0,0,0,0,0,0,0,"D"
"28",650000,49,3,4.2,6,0,0,6.7,28.4,20.8,144,0,5,3,5,23.8,6.7,1005,59,48.5,54.9,5.5,1.9,0,102,76,46,1,7,8,87.1,71,102,23,2,60,0,0,611,500,457,349,73,56,1,1,0,2,2832,1.01,85.6,9.6,89.9,-0.7,0,0,0,1512,0.55,11,60.2,15.4,-3,0,4,5,0,0,0,52.5,1.1,0,0,0,3.4,0,0,1.6,1,"D"
"29",5300000,82,23,10.7,12,0,0,5.5,83.8,82.5,208,4,22,11,26,38.8,9,1017,56.1,49.7,53,4.3,3.3,3,177,121,77,3,6,9,230.4,30,112,33,70,108,0,0,1425,1264,1040,938,235,204,0,4,2,4,4557,0.97,91.8,4.5,95.4,5,1,3,4,15349,2.95,16,77.1,17.1,-2.7,7,40,63,2,13,15,1088.3,1.8,0,4,4,53,22,6,128.8,8,"D"
"30",8e+05,11,-4,-1.8,4,0,0,-1.2,6.7,9.4,26,0,0,0,0,0,4.8,972,52.6,57,48,-1,0.3,0,17,12,10,1,0,1,0,14,14,5,2,6,0,0,123,132,90,101,19,32,0,0,0,0,647,0.99,93,10.9,89.5,3.4,0,0,0,731,1.14,9.5,104.1,8.3,-1.9,1,1,56,1,9,10,822,24.1,1,3,4,100.3,0,0,7,0,"D"
"31",657500,1,-1,0.5,0,0,0,0.1,0.6,0.7,0,0,0,0,0,0,16.7,833,40.4,42,49,-4.3,0,0,1,1,1,0,0,0,0,0,1,0,0,0,0,0,10,11,7,8,3,3,0,0,0,0,0,0,0,0,0,0,0,0,0,0,0,0,0,0,0,0,0,0,0,0,0,0,0,0,0,0,0,0,0,0,0,"D"
"32",2733333,82,0,-5.6,10,0,0,7.3,48.4,72,181,4,13,3,17,37.8,7.5,993,51.3,48.7,51.3,2.8,3.8,5,166,118,83,3,3,6,72.1,62,77,33,26,76,0,0,1078,1023,840,793,133,147,0,0,0,0,431,0.14,39.9,11.4,77.8,-12.3,0,0,0,13946,2.76,11.7,92,11.3,-10.4,4,23,106,4,13,17,1625.3,-35.6,0,3,3,92.3,12,3,125,1,"D"
"33",812500,35,10,1.3,35,0,0,-3.7,28.5,22.1,140,0,11,3,11,51.2,8.1,1031,57.9,51.4,53,4.1,1.4,0,92,65,43,1,4,5,78.9,81,34,20,3,19,0,0,566,503,409,394,61,67,0,0,0,0,1950,0.92,94.4,7.5,92.6,6.9,0,0,0,306,0.18,9.2,18.4,33.3,23.9,0,0,0,0,0,0,0,0,0,0,0,0,0,0,0,0,"D"
"34",1250000,66,2,-0.7,51,0,0,1.1,42,57.2,214,3,9,6,12,29.6,8.4,1013,52.3,54.3,49.1,2.9,3.2,5,165,115,82,3,8,11,133,64,63,15,8,64,0,0,909,940,697,710,129,132,0,0,0,0,367,0.12,58.1,0,100,14.7,0,0,0,7597,1.93,14.3,95.7,13,3.4,0,18,30,2,2,4,456.7,37.3,0,0,0,3.7,1,1,20.1,0,"D"
"35",8e+05,29,-4,-1.1,8,0,0,2.8,12.8,14.9,60,0,4,2,4,33.3,7.2,985,50.5,55.8,47.5,0.5,0.9,0,68,40,27,1,1,2,50.3,24,52,7,1,26,0,0,303,335,225,250,42,56,0,0,0,0,180,0.11,21.4,0,100,12.5,0,0,0,658,0.39,5.3,63.9,7.7,-2.8,0,1,12,0,1,1,143.1,16.5,0,0,0,0.4,0,0,2.2,0,"D"
"36",725000,17,1,1.7,2,0,0,1.2,10,6.5,12,1,0,0,1,11.1,8.5,1004,59.4,55.7,51.6,1.5,0.8,0,41,26,18,2,1,3,0,2,21,4,0,8,0,0,184,176,143,133,22,10,0,0,0,0,1228,1.26,102,13.8,88.1,-2.3,0,0,0,23,0.05,0,0,0,-12.5,0,0,29,1,4,5,288.2,-8.7,0,2,2,53.4,0,0,1.4,0,"D"
"37",650000,11,2,2.1,24,0,0,-6.3,7.1,5.8,65,0,1,0,1,16.7,7.2,1013,61.8,56.8,52.1,2.9,0.4,0,27,18,11,0,0,0,0,17,27,1,1,15,0,0,142,130,106,93,24,18,0,0,0,0,3,0.03,115.4,0,100,23.5,0,0,0,756,1.16,23.5,61.1,27.8,12.3,0,2,34,2,8,10,455.5,-17,0,0,0,0.7,6,1,59.9,0,"D"
"38",650000,31,3,3.6,17,0,0,-0.2,24.2,16.7,67,1,8,1,9,50,8.6,996,59.8,46.6,56.2,9.1,1.3,0,76,51,35,0,2,2,24.2,20,64,18,6,26,0,0,438,340,315,255,55,43,1,1,0,2,2743,1.5,70.1,12.8,84.5,-6.5,0,0,0,107,0.06,0,73.9,0,-20,0,0,50,1,7,8,709.4,-3.8,1,2,3,63.5,0,0,0.9,1,"D"
"39",7e+05,27,-11,-3.3,8,0,0,2.8,13.9,13.8,41,0,2,0,2,40,3.5,946,50.8,54.6,48.2,-1.7,0.7,0,39,22,15,0,2,2,0,2,29,8,8,30,0,0,288,310,201,228,40,38,0,0,0,0,639,0.4,61.8,11.2,84.6,-10,0,0,0,2,0.02,0,0,0,-25.8,0,0,120,2,24,26,1865,2.9,4,5,9,256.5,0,0,7.8,0,"D"
"40",3e+06,63,8,-9,16,0,3,1.1,45.5,64.1,289,3,10,2,13,36.6,7.6,1001,51.1,64.7,44.1,-3.3,2,3,117,76,52,1,4,5,49.5,102,86,39,8,136,0,0,875,1110,667,778,139,145,0,0,0,0,158,0.06,34.4,0,100,6,1,1,2,8505,2.23,16.3,94.7,14.7,-5.9,2,24,237,9,42,51,4279.3,-28,2,4,6,246.9,93,62,639.2,1,"D"
"41",3166667,56,7,3.1,37,0,0,0.6,55.8,61.4,150,4,10,2,14,30.4,9.4,1014,55.2,63.8,46.4,-3.5,4.6,11,122,91,67,3,5,8,35.3,23,43,17,13,61,0,0,813,939,637,670,138,137,1,3,2,4,5503,1.71,84.4,14.8,85,-0.5,0,1,1,7982,2.39,12.5,101.8,10.9,-5.8,5,19,217,21,43,64,3597.6,2.6,8,17,25,393.3,63,11,404.2,3,"D"
"42",650000,4,-1,-1.4,8,0,0,-1.8,1.3,2.5,14,0,0,0,0,0,6.1,996,63.6,66,49.1,-1.6,0.3,0,10,8,2,0,0,0,0,4,2,1,0,1,0,0,42,45,26,42,1,7,0,0,0,0,17,0.07,444.4,0,100,11.1,0,0,0,128,0.6,0,24.2,0,-23.5,0,1,64,3,4,7,822.8,8.1,0,1,1,30,1,4,31.3,0,"D"
"43",650000,2,-1,0.9,0,0,0,0.2,1.4,1,5,0,0,0,0,0,0,889,75,47.8,61.1,12.9,0.1,0,9,3,2,0,1,1,0,2,0,2,2,3,0,0,43,27,19,19,7,3,0,0,0,0,36,0.35,0,0,0,-88.9,0,0,0,0,0,0,0,0,0,0,0,23,0,6,6,373.2,-4.8,0,0,0,37.1,3,0,20.3,0,"D"
"44",3e+06,72,-8,-2.1,21,1,1,3.7,71.5,82.3,235,3,11,6,14,35,6.6,983,56.4,56.6,49.9,1.2,2.4,2,160,90,55,4,11,15,182.6,84,62,42,19,90,0,0,1224,1239,904,952,221,192,0,0,0,0,808,0.24,39.9,4.6,89.6,-2,1,2,3,13032,2.9,15.9,84.8,15.8,1.1,4,24,244,11,31,42,4549.5,8.7,0,1,1,87.3,38,16,554.3,2,"D"
"45",6650000,80,-7,6.4,47,0,2,-8.6,77.6,49.8,231,5,24,11,29,62.4,7.8,995,52.2,46.2,53,5.4,4.4,6,211,143,102,2,5,7,258.1,83,107,33,23,80,0,0,1092,966,829,698,151,126,8,19,7,27,15383,3.12,90.5,12.9,87.5,-3.7,0,0,0,1476,0.39,10.2,43.8,18.8,8.5,1,3,209,15,39,54,3475.7,25.5,17,60,77,659.8,24,6,276.5,7,"D"
"46",650000,12,1,1.8,13,0,0,-3.3,7.1,6.5,47,1,3,3,4,66.7,7.8,1000,61.3,59,50.9,2.4,0.6,1,17,14,8,0,0,0,71.3,23,12,5,1,8,0,0,142,138,102,90,19,13,0,0,0,0,0,0,0,0,0,0,0,0,0,743,1.06,9.3,84.1,10,2,1,2,9,0,0,0,114.5,13.6,0,0,0,0.7,0,0,9.4,1,"D"
"47",725000,7,-3,-0.2,4,0,0,-0.7,2.5,2.5,16,0,0,0,0,0,3.6,882,45.9,47.6,49.1,-5.9,0.1,0,5,5,5,0,1,1,0,8,16,3,1,4,0,0,55,56,37,37,8,7,0,0,0,0,0,0.01,0,0,0,-78.6,0,0,0,0,0.06,0,0,0,-9.8,0,0,10,0,6,6,133.1,-2.7,0,0,0,5.8,0,0,7.7,0,"D"
"48",750000,34,-1,3.2,39,0,0,-11.3,14.7,11.4,144,0,4,0,4,40,5.9,1002,56,56.6,49.7,1.2,1.7,6,42,31,24,2,1,3,0,81,52,8,2,21,0,0,309,312,231,244,43,27,0,0,0,0,189,0.11,76.5,0,100,10.4,0,0,0,65,0.05,0,9.9,0,-8.5,1,0,20,0,0,0,260.2,30.5,0,0,0,0.2,0,3,10.9,0,"D"
"49",4333333,47,-26,-9.6,26,0,0,-2,35.4,48.6,158,1,1,0,2,12.5,3.9,970,49.4,60.6,44.9,-2.3,1.2,0,90,53,33,0,3,3,0,54,90,29,14,61,0,0,729,892,549,685,98,108,1,2,1,3,2475,0.95,84.6,11.8,87.7,-1.8,0,0,0,4528,1.63,11.3,111,9.3,2,2,10,228,8,31,39,3890.4,-1,3,14,17,387.3,50,17,496.6,0,"D"
"50",650000,12,-1,-1.5,2,0,0,0.9,6.1,8.1,5,0,4,2,4,50,11.4,1021,51.3,57.4,47.2,1.4,0.5,0,22,15,10,0,1,1,34.6,0,11,3,3,2,0,0,139,155,104,127,12,16,1,1,0,2,442,0.64,53.4,22.9,70,1.3,0,0,0,178,0.3,0,33,0,-19.4,0,0,21,0,2,2,293.1,-40,1,0,1,46.7,0,0,6.9,0,"D"
"51",650000,5,-1,-0.5,0,0,0,0.4,3.6,3.9,13,0,2,2,2,66.7,10.9,1026,53.4,68.9,43.6,-0.4,0.2,0,10,7,3,0,0,0,45,5,2,0,0,7,0,0,67,86,48,57,12,15,0,0,0,0,57,0.28,32.4,32.4,50,-37,0,0,0,92,0.32,0,36.6,0,-4,0,1,151,6,13,19,2285,-27,0,0,0,8.8,31,13,283.8,0,"D"
"52",4625000,82,23,-5.4,28,0,0,-0.4,54.5,82.7,295,3,10,5,13,22.8,9.7,1040,49.8,55.4,47.3,-2.7,2.9,2,150,110,72,2,5,7,96.6,86,102,36,10,117,0,0,1102,1227,826,909,165,187,0,0,0,0,204,0.08,12.4,10.1,55,-33.4,0,0,0,15054,3.07,11.4,86.9,11.6,-7.5,7,38,246,11,46,57,4212.3,-6.1,0,1,1,10.4,122,40,687.2,4,"D"
"53",850000,51,10,2.5,26,0,0,-3.4,26.6,32.4,154,2,6,2,8,28.1,8.3,1022,52.5,58.7,47.2,-0.6,1.4,0,94,57,39,3,3,6,43,67,97,15,9,55,0,0,616,694,465,527,81,82,0,0,0,0,116,0.11,18.1,0,100,6.9,0,0,0,2933,0.98,10.2,96.7,9.5,3.4,0,3,67,2,12,14,926.6,-45.6,0,1,1,7.7,9,2,64.3,0,"D"
"54",725000,65,3,-1.9,15,0,0,-1.6,27.6,30.1,94,1,13,7,14,51.9,8,1013,54.2,57.5,48.5,1.5,2.4,5,117,67,49,3,6,9,162.2,36,70,29,10,42,0,0,631,669,460,494,85,94,0,0,0,0,118,0.03,37.4,0,100,11.8,0,0,0,128,0.05,0,39.3,0,-7.8,0,0,88,3,6,9,1131.1,11.7,2,0,2,67.6,0,0,12.5,0,"D"
"55",650000,9,2,0.4,15,0,0,-1.5,4.4,5.3,45,1,0,0,1,25,8.6,1049,47.6,52.7,47.4,5.3,0.2,0,11,8,3,0,0,0,0,15,6,0,0,9,0,0,89,99,73,72,12,9,0,0,0,0,0,0,0,0,0,-100,0,0,0,550,1.05,6.2,74.9,7.7,-9,0,2,41,0,3,3,532.4,-27.5,0,0,0,0.6,5,6,29.4,0,"D"
"56",650000,3,-1,-0.5,0,0,0,0.3,3.1,3.4,4,0,0,0,0,0,8.5,974,58.2,72.6,44.5,-5.5,0,0,5,3,2,0,0,0,0,0,3,1,1,2,0,0,41,50,33,42,11,10,0,0,0,0,342,1.98,99.6,0,100,12,0,0,0,0,0.09,0,0,0,-16.7,0,0,139,7,13,20,1907.6,1.8,4,10,14,270.7,7,1,74.5,0,"D"
"57",5500000,78,27,12.5,34,0,1,1.3,98.4,62.7,217,9,22,7,31,43.7,9.7,1023,58.1,55.1,51.3,1.9,5.4,12,215,147,112,1,5,6,125.9,65,155,30,19,101,0,0,1276,1213,965,861,230,187,3,17,7,20,12946,2.68,98.5,13.7,87.8,3.6,0,0,0,322,0.11,31,46.4,40,26.2,1,1,218,18,32,50,3898.3,-16.4,3,29,32,608.3,26,2,145.6,6,"D"
"58",650000,17,-4,-0.5,8,0,0,0.2,8.5,8.8,56,0,1,1,1,25,3.5,963,57.2,50.4,53.2,2.2,0.7,1,38,29,18,0,1,1,59,28,30,7,1,16,0,0,235,208,169,148,16,23,0,0,0,0,42,0.08,31.7,0,100,10.2,0,0,0,827,0.88,7.8,82.2,8.7,-15.7,0,2,48,2,4,6,703.1,-5.1,0,2,2,33.5,3,2,16.8,0,"D"
"59",650000,57,-18,-12.8,23,0,0,-2.3,29.9,42.3,133,4,8,3,12,66.7,5.2,969,50.1,57.2,46.7,-0.8,2.1,2,122,76,56,0,3,3,110.5,44,50,15,5,52,0,100,667,762,489,591,61,103,0,0,0,0,3164,0.96,68,4.3,94,6.5,0,0,0,4840,1.43,12.5,71.1,15,4.8,0,4,161,3,19,22,2383.4,13.5,4,15,19,293.5,3,2,54.7,1,"D"
"60",3e+06,51,-5,1.9,28,0,0,2.9,40.9,40.6,286,6,10,5,16,47.1,8.1,996,58.8,55.8,51.3,2.8,3.7,7,154,105,73,2,5,7,122.1,152,76,24,9,67,0,0,829,789,596,562,119,110,0,1,0,1,2926,1,67.5,17.3,79.6,-9.3,0,1,1,3916,1.3,5.3,77.1,6.5,-4.8,0,7,183,14,32,46,3146.4,2.5,2,12,14,257.8,34,29,263.1,1,"D"
"61",2250000,72,8,-0.3,18,0,0,-1.6,51.5,66.6,199,1,18,9,19,44.2,8.4,1015,55.3,56.6,49.4,-1.2,2.7,3,167,105,67,1,10,11,208.7,79,106,35,18,62,0,0,996,1015,751,746,159,148,0,0,0,0,241,0.09,19.2,9.6,66.7,-14.8,0,0,0,11500,2.6,13,100.2,11.5,1.3,8,27,116,4,13,17,1898,11.5,0,4,4,38.9,32,20,238,1,"D"
"62",675000,7,-3,-1,6,0,0,-1.4,5,7.4,21,0,1,1,1,25,7.3,970,63.9,65.3,49.5,-0.5,0.4,0,28,20,11,0,1,1,25.8,1,3,1,2,12,0,0,102,106,76,78,11,21,0,0,0,0,384,0.97,74.1,34.7,68.1,-14.5,0,0,0,343,0.87,29.1,106.6,21.4,-5.8,0,0,32,1,2,3,462.3,30.8,1,1,2,69.1,0,0,6,0,"D"
"63",650000,45,-13,-5.6,6,0,0,0.9,23.3,32.2,119,0,6,4,6,31.6,7.4,963,51.9,57.9,47.3,-2.4,1.3,1,80,48,35,3,5,8,104.6,65,98,11,11,46,0,0,497,561,358,424,74,102,0,0,0,0,121,0.07,96.3,0,100,8.1,0,0,0,829,0.33,24,95.8,20,7.7,0,2,56,1,7,8,676.3,-11.5,2,1,3,80.3,3,4,11.7,1,"D"
"64",6500000,80,7,5.4,20,0,3,5.2,107.2,94.4,183,5,17,8,22,38.9,8.4,1008,54,54.9,49.6,1.9,4.6,7,209,140,99,2,5,7,184.2,27,118,51,20,92,0,0,1303,1320,983,986,215,179,5,10,2,15,14888,3.02,113,14.5,88.6,-0.2,1,1,2,13232,2.73,12.7,102.2,11.1,-3.9,6,27,219,8,46,54,3736.2,-3,8,33,41,635.7,62,20,474,12,"D"
"65",7e+06,75,4,0.6,35,1,2,5,60.1,65,200,5,15,9,20,42.6,8.9,1007,51,54.8,48.2,-2.9,4.7,11,237,161,108,3,4,7,198.8,17,97,45,19,115,0,0,1051,1130,766,765,141,135,1,6,3,7,8663,1.92,84.8,10,89.4,1.6,0,1,1,9351,2.06,9.5,114,7.7,-3.1,1,22,218,19,49,68,3906.7,28.4,2,12,14,270.6,78,9,489.1,3,"D"
"66",945000,40,-4,2.5,14,0,0,-1.1,26.1,29.7,106,0,3,2,3,16.7,5.9,986,56.5,56.9,49.8,0.4,2.3,5,88,59,45,3,3,6,61.1,43,51,17,10,44,0,0,548,553,411,398,81,77,0,0,0,0,98,0.06,76.6,25.5,75,-12.1,0,0,0,2450,1.03,10.2,110.4,8.4,-3.1,0,3,68,0,10,10,979.4,8.9,0,1,1,4.5,7,6,69.8,0,"D"
"67",1250000,73,4,-6,51,0,0,-10.2,46.3,67.4,246,6,9,4,15,41.7,7,999,48.3,55,46.7,0.5,2.8,4,151,89,72,2,1,3,100,88,69,33,14,80,0,0,912,1041,689,777,131,153,0,0,0,0,1158,0.29,66.7,4.4,93.8,5,0,0,0,8014,1.87,9.6,95.4,9.2,2.1,3,15,202,11,30,41,3505.4,1.9,0,0,0,41.9,51,31,460,3,"D"
"68",650000,2,-1,0.6,0,0,0,0.1,1.3,0.8,5,0,0,0,0,0,0,889,54.3,55.9,49.3,5.5,0,0,3,3,2,0,0,0,0,5,2,1,0,0,0,0,21,21,19,14,5,3,0,0,0,0,0,0,0,0,0,0,0,0,0,0,0,0,0,0,0,0,0,0,0,0,0,0,0,0,0,0,0,0,0,0,0,"D"
"69",1850000,49,-1,-1.9,79,0,0,-10,33.1,40.3,243,1,13,5,14,46.7,7.3,990,53.2,51.7,50.7,3.5,1.7,0,106,79,52,1,1,2,118.8,103,68,22,15,49,0,0,711,690,567,540,97,114,0,0,0,0,326,0.16,39,13.3,74.6,-19.3,0,0,0,3865,1.33,13.3,81.1,14.1,-3.7,1,4,106,2,18,20,1558.5,-16.9,0,0,0,13.5,13,9,131.3,0,"D"
"70",3500000,64,0,-13.1,32,0,0,-0.8,47.1,63.9,300,2,8,5,10,29.9,7.9,1018,48,62.9,43.3,-4.7,2.2,0,150,98,62,4,1,5,124,114,86,20,3,106,1,100,830,1086,605,811,125,168,1,4,1,5,4980,1.3,68,13.1,83.9,-5.8,0,0,0,6977,1.78,17.1,98.3,14.8,-2,1,31,226,15,34,49,3783.7,-8.7,2,23,25,379.1,81,21,397.1,1,"D"
"71",5100000,82,30,6.5,51,0,0,-2.5,72.7,61.6,268,5,22,14,27,37.5,9.7,1026,58.6,49.2,54.3,6.5,5.4,7,216,147,111,3,9,12,274.5,112,82,47,30,89,0,0,1412,1190,1038,899,206,198,1,5,3,6,5605,1.2,86.2,11.3,88.4,-0.6,0,0,0,1188,0.3,21.6,57.5,27.3,12.8,0,1,136,11,26,37,2258.7,10,0,3,3,52,0,2,30.6,4,"D"
"72",4350000,51,1,-0.3,63,0,1,-0.4,38.1,46.8,190,2,4,4,6,20.7,7.7,1005,50.6,52,49.3,3.5,2.7,6,106,74,49,1,7,8,94.4,48,72,31,10,55,0,0,683,708,524,539,104,123,1,2,2,3,2719,0.91,104.3,15.4,87.2,-0.8,0,0,0,5732,1.88,12.2,83.6,12.7,-3.1,1,10,210,10,33,43,3431.5,31.9,2,2,4,67,25,15,213.7,1,"D"
"73",650000,6,-2,-1.7,14,0,0,-2.7,1.4,2.7,35,1,0,0,1,100,6.7,960,40.2,55.9,41.8,-8,0.1,0,11,6,3,0,0,0,0,15,4,3,1,4,0,0,37,52,27,42,4,9,0,0,0,0,0,0.03,0,0,0,-88.9,0,0,0,66,0.22,0,44,0,-28.6,0,0,37,2,2,4,469.7,72.6,0,0,0,1.2,3,1,25.6,0,"D"
"74",650000,5,-3,0.7,0,0,0,0.3,2.5,1.9,12,0,0,0,0,0,3.7,847,50.4,38,57,8.3,0.1,0,5,2,1,0,0,0,0,8,7,1,0,4,0,0,51,38,37,28,9,7,0,0,0,0,0,0.06,0,0,0,-88.5,0,0,0,220,0.55,28.7,57.4,33.3,25.6,0,0,86,1,7,8,1035.9,1.5,0,0,0,0.9,39,7,188.9,0,"D"
"75",650000,1,1,-0.1,0,0,0,0.1,0.7,0.8,0,0,0,0,0,0,16.7,1167,55,66.9,45.1,4.4,0,0,1,0,0,0,0,0,0,0,0,0,0,0,0,0,13,16,7,14,2,4,0,0,0,0,0,0,0,0,0,0,0,0,0,59,0.98,0,61.2,0,-20,0,0,0,0,0,0,0,0,0,0,0,0,0,0,0,0,"D"
"76",650000,1,0,-0.6,0,0,0,0.1,0.3,1.1,2,0,0,0,0,0,20,1117,39.3,67.5,36.8,-8.8,0,0,3,1,1,0,0,0,0,0,1,1,0,2,0,0,12,21,7,18,0,4,0,0,0,0,17,0.58,0,0,0,-93.8,0,0,0,95,1.6,0,37.2,0,0,0,0,120,4,19,23,2003.5,-39.5,0,0,0,40.8,24,10,232.9,0,"D"
"77",9e+05,40,-5,-2.5,65,0,2,-11.1,25.5,32.5,262,2,4,3,6,35.3,5.5,982,57.5,52.7,52.2,3.8,2.1,7,101,64,45,1,3,4,98.9,131,50,20,5,38,0,0,564,518,407,390,88,95,0,0,0,0,48,0.03,0,0,0,-87.9,0,0,0,3146,1.33,6.7,92.3,6.8,-5.2,1,5,185,3,25,28,2614.1,-6.2,0,0,0,11.8,42,62,484,2,"D"
"78",650000,27,3,0,16,0,0,-4.9,15.2,13.3,43,0,4,2,4,33.3,7.8,1024,56.4,49,53.5,6.1,0.7,0,37,26,19,0,3,3,50.6,7,23,9,5,20,0,0,305,263,217,201,29,40,0,3,0,3,1950,1.28,78.3,10.2,88.5,-2.8,0,0,0,9,0.04,0,0,0,-10,0,0,12,2,3,5,166.6,-33,0,2,2,11.1,1,0,6.8,2,"D"
"79",2200000,73,8,-4.1,22,1,2,4.5,67.9,84,234,6,10,4,16,30.8,8.3,1014,55.1,57.9,48.8,-2.2,3.4,6,176,116,80,4,7,11,92.9,87,95,42,27,100,0,0,1210,1275,876,927,173,198,0,2,1,2,4563,1.06,80.3,12.4,86.6,-4.6,0,0,0,8879,1.99,14.6,96.4,13.2,1.4,3,13,4,0,0,0,55.6,3.2,0,0,0,0,0,0,1.7,5,"D"
"80",725000,13,-1,1.8,2,0,0,-0.1,10.2,5.6,28,0,2,0,2,33.3,7.3,977,51.8,61.7,45.7,-2.5,0.4,1,20,12,6,1,1,2,0,10,16,1,3,15,0,0,141,168,109,108,26,19,0,1,0,1,504,0.67,122,13.6,90,4.6,0,0,0,47,0.12,0,0,0,-25.9,0,0,2,0,0,0,18.6,-6.5,0,0,0,0,0,0,0,1,"D"
"81",1950000,80,-10,-4.8,43,0,1,-12.9,46.6,64.8,191,3,11,5,14,37.8,6.3,986,52.7,54.9,49,0.2,3.3,6,159,115,89,2,6,8,144.5,41,97,40,13,70,0,0,1068,1115,817,846,108,127,0,0,0,0,431,0.11,23,17.9,56.2,-34.5,0,0,0,10012,2.13,9.1,97,8.6,-2.2,5,30,192,5,34,39,2903.7,2.2,0,1,1,17.7,28,8,295.7,1,"D"
"82",9e+05,32,0,-2.9,23,0,0,-3,13.6,17.2,129,2,5,2,7,50,9.6,1024,40.1,59,40.5,-7.8,0.9,3,36,23,14,1,1,2,38.6,65,47,10,1,30,0,0,269,395,206,288,39,41,0,0,0,0,64,0.05,0,0,0,-85.7,0,0,0,1651,0.92,21,73.4,22.3,6.8,2,4,63,0,9,9,892.7,-12.4,0,0,0,2.6,12,15,113.3,2,"D"
"83",1400000,59,2,-3.3,33,0,0,-8.2,31.3,45.5,206,2,10,3,12,42.9,8.5,1009,47.3,57.6,45.1,-2.5,1.8,6,97,56,45,0,2,2,65,69,111,37,12,72,0,0,612,742,445,552,100,114,0,0,0,0,101,0.04,133.1,33.3,80,-3.7,0,0,0,6985,1.98,13.1,92.6,12.4,0,1,19,111,3,15,18,1616.3,-28,0,0,0,6.1,23,9,80,0,"D"
"84",4e+06,68,5,-2.9,23,0,1,8.4,54.9,75,304,1,11,2,12,28.9,7.6,1014,50.1,57.9,46.4,-2.4,3.2,6,148,95,63,3,11,14,49,63,100,48,34,165,0,0,1018,1174,760,788,173,166,0,1,0,1,1192,0.35,65.9,10.1,86.7,-4,0,0,0,9435,2.25,12.6,109.8,10.3,-1.4,2,35,209,8,43,51,4044.8,-42.2,7,23,30,484.6,59,8,274.2,3,"D"
"85",650000,34,9,0.1,8,0,0,0,26.5,30.3,70,2,5,4,7,30.4,8.8,1027,54.4,57.5,48.6,-1,1.6,3,82,53,36,0,4,4,80,35,58,11,9,24,0,0,461,489,344,356,73,80,0,3,2,3,1927,1,79.5,10.4,88.5,3.5,0,0,0,2308,1.18,11.7,82.2,12.5,3.4,0,2,26,0,1,1,395.6,-44.2,0,1,1,19.3,2,2,24.7,1,"D"
"86",1e+06,81,2,-11.7,85,0,2,-2.1,42.4,79.1,363,4,12,6,16,40,7.8,1004,48.5,55.6,46.6,-2.3,3.7,3,207,133,101,2,8,10,145.4,129,111,40,14,95,1,100,977,1119,718,834,118,166,0,0,0,0,125,0.07,16.7,16.7,50,-37,0,0,0,15674,3.09,12.5,92.8,11.9,-6.3,5,38,201,11,21,32,2666.9,-45.1,0,1,1,17.9,31,9,196.5,4,"D"
"87",650000,1,0,0.2,0,0,0,0.1,0.7,0.3,2,0,0,0,0,0,0,1000,54.8,34.6,61.3,18.3,0,0,4,1,1,0,0,0,0,0,1,0,1,2,0,0,14,9,9,6,2,1,0,0,0,0,51,0.85,70.6,70.6,50,-50,0,0,0,0,0,0,0,0,0,0,0,0,0,0,0,0,0,0,0,0,0,0,0,0,0,"D"
"88",3500000,30,-14,-5.3,18,0,1,2.7,22,33.6,130,1,5,5,6,42.9,5.9,957,50.2,54.6,47.9,0.7,1.2,2,77,45,31,1,4,5,153,64,65,19,3,32,0,0,438,473,322,364,76,90,0,0,0,0,389,0.26,54.6,44,55.4,-25.7,0,0,0,4787,2.61,9.7,87.2,10,-7.8,0,12,205,9,17,26,3182.3,-6.9,0,5,5,131.6,53,39,491.2,1,"D"
"89",650000,73,1,-4.1,25,0,1,-4.7,30.3,35.8,151,1,7,5,8,23.5,8.3,1001,53.3,57.7,48,-2,2.4,2,145,93,70,2,3,5,109.4,71,93,26,9,51,0,0,746,808,544,592,83,107,0,0,0,0,718,0.17,51.5,23.4,68.8,-18.5,0,0,0,805,0.21,11.6,62.1,15.8,4.7,0,0,159,9,11,20,2143.7,-4,8,10,18,257.5,2,7,86.2,0,"D"
"90",4500000,76,-21,4.9,32,0,1,9.2,99.7,56,169,5,11,1,16,57.1,4.8,964,59.6,53.1,52.9,3.9,5.1,8,257,179,117,2,9,11,40.3,37,50,49,15,78,0,0,1127,1003,838,755,165,181,2,21,13,23,17458,3.65,126.8,12.9,90.7,5.6,0,0,0,328,0.11,15.9,23.8,40,31.7,0,1,66,9,15,24,973.7,-38.3,8,14,22,251.7,0,0,5,4,"D"
"91",925000,13,2,3,4,0,0,2.3,13,4.9,13,1,6,5,7,87.5,9.4,1030,61.3,50,55.1,3.8,2.3,11,36,30,21,0,3,3,87.2,5,20,1,10,4,1,100,139,113,115,83,34,15,1,2,1,3,1496,1.92,110.2,16.8,86.8,-0.7,0,0,0,0,0.02,0,0,0,-14.3,0,0,28,6,1,7,246.4,-1.6,1,0,1,32.5,0,0,0.2,1,"F"
"92",5875000,82,13,-2.3,22,3,9,0.3,83.4,75.5,89,22,16,10,38,90.5,7.8,1024,57.1,60.9,48.4,0.1,15.7,58,278,211,172,10,12,22,243.7,25,36,15,25,26,1,50,1023,1088,738,811,168,171,10,11,4,21,12473,2.46,98.9,11.6,89.5,3.5,3,0,3,7663,1.58,9.9,98.8,9.1,-4.1,8,5,238,51,49,100,3152.9,-2.2,15,14,29,524.6,18,3,226.5,13,"F"
"93",6e+06,78,-3,-4.5,47,2,6,-0.3,71.6,62.8,130,21,17,11,38,93.8,7.1,1001,55.9,60.3,48.1,0.4,10.9,36,239,167,133,10,14,24,293.3,19,66,30,18,46,507,53.2,1081,1168,774,864,136,160,6,11,7,17,13658,2.85,97.2,14,87.4,0.8,0,0,0,3366,0.76,16,90.2,15.1,2.8,2,9,221,47,62,109,3296.1,6.4,13,25,38,621.6,9,2,220.6,11,"F"
"94",1387500,64,-7,-6.6,28,2,3,3.9,37.6,35.9,81,17,8,5,25,90.9,8.8,1009,48.3,53.8,47.3,0.8,9.3,29,188,145,99,4,7,11,104.7,27,53,14,12,20,35,47.2,580,644,457,494,80,87,1,3,0,4,4654,1.21,89.6,17,84,-5.2,0,0,0,1989,0.54,17,90.3,15.9,4,3,0,37,8,5,13,306.1,2.2,0,0,0,0.4,1,1,17.8,8,"F"
"95",650000,60,-8,-8.3,25,0,3,-1.1,43.6,27.5,87,3,6,3,9,40.9,8.5,989,51.1,55.5,47.9,0.8,5.2,18,112,82,53,5,7,12,66.9,35,45,19,21,18,115,59.4,491,531,366,404,74,90,5,4,2,9,9216,2.51,115.2,8.4,93.2,4.9,0,0,0,32,0.02,0,46.9,0,-8.8,0,0,159,36,19,55,1940,4.8,13,10,23,278.2,0,0,1.5,3,"F"
"96",660000,72,15,-0.8,49,0,3,2.7,29.5,44.5,111,10,13,8,23,88.5,8.3,1030,48.7,47.9,50.4,0.9,6.4,22,109,93,63,5,4,9,183.2,20,77,27,18,19,8,57.1,596,589,440,434,85,89,0,0,0,0,209,0.09,69.5,34.8,66.7,-23.7,2,0,2,10901,2.56,17,81.8,17.2,3.9,12,14,231,19,59,78,2867.1,-3.1,0,0,0,35.6,57,3,574.2,4,"F"
"97",6e+06,82,1,4.9,38,0,4,16.6,77.5,56.5,109,20,32,17,52,88.1,10.2,1012,55.1,54,50.5,4.2,13.5,46,270,212,142,6,22,28,306.6,42,79,35,35,21,0,0,1074,1056,818,808,162,178,5,7,1,12,12834,2.54,84.2,16.8,83.3,-5.2,0,0,0,89,0.09,4.7,9.5,33.3,20.8,0,0,72,11,16,27,956.2,8.2,4,7,11,164,0,0,0.9,11,"F"
"98",660000,81,-6,4.2,46,0,1,-2.5,42.5,42.4,140,11,10,4,21,68.9,7,977,52.7,48.5,52.1,4.2,8.3,29,148,115,94,9,11,20,108.1,71,89,19,29,16,7,24.1,832,767,611,564,101,103,0,2,0,2,3118,0.68,96.3,12.2,88.7,0.6,1,0,1,4518,0.96,9.9,69.6,12.4,-2.7,3,1,232,20,32,52,2526,-10.7,11,10,21,496.2,4,7,216,3,"F"
"99",1e+06,82,2,4.2,56,0,2,-5.2,82.6,48.4,81,8,25,17,33,62.9,8,1007,58.9,48.2,55,8,13.9,49,223,180,132,12,8,20,361.2,20,80,34,40,4,1,50,1113,910,876,748,152,133,8,5,3,13,13609,2.7,109,9.9,91.7,3.7,0,0,0,76,0.08,0,10.3,0,-18.1,0,0,238,54,87,141,3577.2,23.4,14,25,39,620.1,0,0,5.5,9,"F"
"100",1e+07,61,-13,-5.5,22,1,4,11.1,67,50,83,14,19,9,33,89.2,7.3,993,54.2,60.9,47.1,0.6,12.2,31,277,221,174,9,13,22,213.6,24,51,32,33,33,297,38.8,877,984,691,734,126,137,10,14,7,24,10917,2.87,108.1,14.7,88.1,-2.3,0,0,0,881,0.33,21.6,55.5,28,20.4,0,0,81,16,19,35,1186.7,-6.9,8,13,21,239.4,0,1,29.4,15,"F"
"101",650000,11,0,-1.3,17,0,0,-1,3.9,4.8,61,1,1,0,2,100,4.5,1006,47.8,53.1,47.4,0.7,1.3,5,18,15,8,4,0,4,0,37,14,0,2,4,2,100,92,103,69,78,14,18,0,0,0,0,31,0.13,0,0,0,-86,0,0,0,166,0.27,0,117.7,0,-20,0,0,190,9,17,26,1845.7,-49.1,0,0,0,5.9,22,15,197.9,1,"F"
"102",650000,24,-2,-3.7,10,0,0,-1,4.9,9.4,46,2,2,2,4,80,6.3,1005,40.7,69.2,37,-13.2,1.6,5,32,21,19,2,1,3,58,25,36,1,7,10,6,35.3,144,243,100,173,10,20,0,0,0,0,13,0.05,0,24.9,0,-85.2,0,0,0,65,0.06,0,0,0,-13.6,0,0,16,2,0,2,161.7,0.8,0,0,0,0,0,1,1.8,1,"F"
"103",1850000,78,12,-0.1,89,0,3,-14.9,39.7,43.6,281,17,12,7,29,72.5,9.2,1032,50.7,57.2,47,-2.4,13.6,51,191,158,117,10,9,19,134.1,147,85,16,24,37,8,29.6,766,865,580,645,131,143,0,0,0,0,366,0.14,27.8,11.1,71.4,-14.3,0,0,0,883,0.22,3.5,81.5,4.1,-8,1,3,18,1,4,5,206.2,-12.6,0,0,0,0.2,0,0,0.4,6,"F"
"104",8e+05,73,-1,-2.5,45,0,1,-12.2,22.2,38.7,166,8,8,6,16,76.2,7.5,994,44.4,54.6,44.9,-2.9,6.2,18,136,104,80,4,12,16,141,96,70,16,12,13,1,25,493,604,375,445,63,87,0,0,0,0,247,0.1,9.7,29,25,-58.2,2,0,2,7761,1.77,7.2,83.2,8,-4.8,4,8,209,27,28,55,2348.3,9.9,1,6,7,152.1,15,6,249.1,3,"F"
"105",7e+05,58,-3,1.2,29,0,1,-2.8,20.6,18.4,116,2,3,2,5,29.4,6.5,986,56.6,53.2,51.6,0.9,6.3,23,130,95,73,2,8,10,57.2,74,59,12,14,10,14,26.4,488,458,353,350,56,61,0,0,0,0,1097,0.33,86.4,6.1,93.5,4.6,0,0,0,13,0.02,31.3,62.5,33.3,11.1,0,0,202,33,29,62,2410.9,-7.5,10,10,20,291.1,0,0,1.2,2,"F"
"106",5500000,80,27,14.8,34,1,4,-8,78.8,57.7,131,16,20,5,36,68.6,9.8,1033,52.7,53.3,49.7,1.8,9.3,32,177,131,93,11,7,18,95.2,26,32,19,30,49,700,55,1003,1019,766,751,162,93,2,18,7,20,10691,2.2,103.3,8.2,92.6,4.6,0,2,2,8762,1.75,7,108.7,6,-8.5,7,13,227,25,76,101,3392.7,24.6,16,37,53,755.4,10,3,279.3,12,"F"
"107",5291666,59,-7,4,18,1,3,0.5,56,44.8,76,15,20,6,35,92.1,9.1,997,55.6,53.8,50.8,4.1,9.1,33,142,117,87,9,8,17,114.6,33,34,12,27,17,496,56.8,731,704,566,541,103,105,6,6,4,12,7945,2.19,97.2,16.7,85.3,-3.4,0,0,0,4055,1.16,20.1,97.5,17.1,4.5,2,3,209,40,66,106,3019.3,27.1,19,26,45,604.3,27,5,439,7,"F"
"108",6666666,75,11,14.8,34,2,6,16.5,84.1,43,138,24,22,14,46,86.8,8.4,995,66.3,49.7,57.2,7.9,16.2,51,313,240,172,6,12,18,318.8,67,0,50,47,32,2,66.7,1210,907,909,662,162,133,10,14,7,24,11825,2.59,110,12.3,89.9,1.4,0,0,0,71,0.06,0,33.2,0,-18.3,0,0,97,23,26,49,1230.4,14.9,2,2,4,95.4,0,0,1.5,15,"F"
"109",2875000,80,-1,-2.5,73,0,0,4,44.6,53.9,418,12,10,4,22,62.9,6.7,1001,51.4,56.7,47.5,0.7,9.6,42,160,127,89,5,10,15,109.6,273,88,34,25,52,1,25,959,1059,756,796,131,125,0,0,0,0,743,0.22,51.9,3.6,93.5,4,1,0,1,5565,1.18,11.3,86,11.6,4.2,7,5,206,22,32,54,2681.5,-47.8,0,4,4,148.5,13,18,196.1,3,"F"
"110",5500000,81,-7,-2.3,27,0,1,3.7,64,75.5,134,15,25,14,40,90.9,8.8,1018,50.2,55.7,47.4,1.6,15.1,54,216,179,117,11,14,25,294.5,60,65,18,31,32,588,50,927,1026,689,767,154,148,3,7,5,10,9382,1.94,79.4,12.2,86.6,-1.8,2,0,2,8901,1.79,9.6,118.2,7.5,-4.4,4,6,150,24,28,52,1776.3,-20.5,4,8,12,149.7,17,6,242.8,12,"F"
"111",1950000,81,-16,-0.6,75,0,0,-11.9,40.8,46.3,251,9,12,7,21,77.8,6.3,969,49.7,52.2,48.8,0.5,11,37,179,141,106,10,17,27,211.4,119,60,20,35,37,343,46.4,824,867,607,637,87,114,4,0,0,4,5999,1.24,75.4,10.1,88.2,-1.1,0,1,1,5474,1.16,12.7,76.1,14.3,-0.6,6,5,78,15,14,29,981,9.4,3,5,8,147.7,0,0,2.5,5,"F"
"112",1200000,58,-7,-2.3,14,0,1,0,37.4,30.3,53,5,8,6,13,50,8.1,1009,54.2,61.9,46.7,0.6,7.9,28,115,84,61,9,10,19,142.6,20,61,16,29,17,4,50,619,708,472,545,111,95,0,2,0,2,4355,1.32,67.6,13.1,83.8,-5.5,0,0,0,16,0.04,0,0,0,-10.6,0,0,99,13,25,38,1113.1,1.8,8,5,13,247.6,0,0,0,4,"F"
"113",2e+06,68,-5,-3.9,22,0,2,-0.8,56,45.3,56,12,23,13,35,88.6,10.2,1024,51.8,57.4,47.4,0.8,9.9,36,156,125,99,6,10,16,218.9,27,22,28,15,4,5,45.5,667,736,532,594,128,145,5,8,6,13,10909,2.55,77.7,12.2,86.4,-3.1,0,0,0,65,0.03,0,0,0,-13.8,0,0,232,47,65,112,3169.9,-20.3,19,30,49,726.8,0,0,5,8,"F"
"114",4900000,80,9,3.6,21,0,5,7.4,78.3,54.2,136,11,25,14,36,80,7.9,1009,54,51.6,51.2,2.2,7.4,27,126,93,76,7,8,15,317.8,55,73,22,36,50,544,48.1,1021,975,766,728,152,143,2,21,9,23,12685,2.56,96.9,12,88.9,2.5,0,0,0,3039,0.67,6.6,66.3,9.1,-1.9,2,2,0,0,0,0,0,0,0,0,0,0,0,0,0,9,"F"
"115",2100000,82,3,-1.7,10,0,4,9,61.9,66.3,106,17,12,7,29,65.9,8.7,1010,58.9,58.9,50,-0.2,12.6,44,209,165,112,8,16,24,161.8,44,78,19,25,30,0,0,1018,1012,739,780,153,156,2,4,2,6,6060,1.25,83.5,14.6,85.1,-0.7,1,0,1,9819,2.02,11.6,92,11.2,1.3,9,11,7,0,1,1,70.1,6.8,1,3,4,25.2,0,0,2.9,5,"F"
"116",7e+05,42,-3,-1.7,29,0,1,-3.1,12.5,21,148,4,3,0,7,58.3,7.6,993,45.4,55.2,45.1,-4,3.1,11,54,45,38,2,4,6,0,77,43,8,7,30,112,60.9,289,352,209,233,34,38,0,0,0,0,194,0.1,0,0,0,-90.4,0,0,0,3804,1.51,13.2,102.8,11.4,-0.1,3,8,216,15,15,30,2255.6,-37.3,0,1,1,36.9,70,18,507.5,2,"F"
"117",8e+05,58,6,-2.3,24,0,3,-9.1,35.2,30.6,89,5,12,8,17,63,8.7,1028,50.4,53.8,48.3,0,7,24,130,108,90,5,6,11,170.1,60,41,27,11,2,7,31.6,579,618,429,471,96,94,3,1,1,4,4599,1.33,101.6,12.1,89.4,1.2,0,0,0,702,0.24,8.3,74.6,10,-1.8,1,1,224,41,44,85,3134.8,-30.7,12,13,25,491.5,9,10,209.7,3,"F"
"118",650000,1,0,-0.2,2,0,0,0,0.2,0.4,5,0,0,0,0,0,0,1000,48.9,58.5,45.5,-3.9,0.1,0,3,2,1,0,0,0,0,3,2,0,0,0,1,50,9,11,5,8,1,1,0,0,0,0,0,0,0,0,0,0,0,0,0,0,0,0,0,0,0,0,0,0,0,0,0,0,0,0,0,0,0,0,0,0,0,"F"
"119",1600000,75,-7,-0.5,18,0,0,7,32.2,48.8,164,7,9,8,16,76.2,5.4,989,47.8,54.2,46.9,-0.8,9.2,31,174,136,103,7,12,19,267.6,119,105,16,14,22,267,47.4,705,798,533,617,89,100,0,0,0,0,315,0.14,30.1,22.5,57.1,-29.5,0,0,0,5188,1.15,10.4,124.3,7.7,-2.1,2,4,202,24,34,58,2719.4,-43.9,2,4,6,199.4,30,13,328.2,1,"F"
"120",8500000,82,7,12.2,20,3,5,8.8,101.9,66.1,97,19,31,16,50,83.3,9.8,1008,57,54,51.3,3.8,12.7,54,180,144,103,9,10,19,301.5,38,79,60,61,33,386,48.7,1132,1074,852,791,216,184,10,17,11,27,14309,2.8,109.9,12.2,90,-3,0,0,0,2076,0.47,4.6,87.5,5,-8.2,3,1,109,15,34,49,1443.2,10.3,6,5,11,247.2,0,0,3.7,13,"F"
"121",1e+06,72,4,3.3,30,0,2,-1.9,42.3,58.3,93,9,16,8,25,86.2,7.9,992,51.2,55.5,48,-2.4,10.6,42,118,94,70,16,6,22,182.5,31,71,23,14,17,353,54.2,662,714,501,506,131,110,2,2,1,4,1625,0.42,72.6,14.2,83.7,0.8,2,0,2,10060,2.28,12.6,107,10.5,-8.6,5,9,221,29,48,77,2580.5,7.8,1,12,13,222.2,12,7,285,2,"F"
"122",750000,57,-2,-0.5,33,0,0,-5,17.8,22.6,140,0,5,2,5,47.6,4.5,984,51.6,49.1,51.3,5.2,3.5,10,76,62,49,4,3,7,82.9,91,33,6,11,11,77,49,439,417,322,318,49,57,0,0,0,0,228,0.11,40.6,20.3,66.7,-20.2,0,0,0,1640,0.5,13.5,95.2,12.4,3.7,0,1,20,1,0,1,219.5,-1.6,0,0,0,6.2,0,2,20.4,0,"F"
"123",650000,26,9,-2.6,2,0,0,4,7.7,14.8,65,1,5,5,6,42.9,13.1,1084,44.8,55.2,44.8,-4.1,1.1,6,24,17,14,0,0,0,67.5,54,25,5,5,5,43,47.7,188,230,137,176,23,35,0,0,0,0,167,0.14,48.2,0,100,18.8,0,0,0,2031,1.32,10.4,89.6,10.4,-3.1,0,2,209,9,23,32,2187.7,-14.6,0,0,0,12.1,34,9,380.4,0,"F"
"124",650000,3,0,-1.1,0,0,0,1,0.3,1.5,4,0,1,0,1,0,0,1000,35,61.5,36.3,-13.5,0.2,0,6,4,3,0,0,0,0,3,2,1,1,1,0,0,19,33,11,23,0,3,0,0,0,0,5,0.14,0,0,0,-100,0,0,0,73,0.5,0,39.8,0,0,0,0,74,4,9,13,753,-15.3,0,0,0,16.8,3,0,38.4,0,"F"
"125",5750000,81,23,16.5,12,1,4,10,76.6,54,112,16,29,19,45,80.4,10.4,1034,51.9,54.8,48.6,0.5,12.3,39,232,178,134,11,15,26,343.7,47,111,21,36,36,13,52,1015,1074,770,795,161,92,7,13,9,20,10626,2.19,100,7.8,92.8,5.3,3,1,4,7300,1.48,7,105,6.3,-8.1,7,14,213,24,68,92,3095.4,1.7,4,27,31,496.8,9,0,99.2,11,"F"
"126",5250000,82,17,14.3,53,0,3,1.1,66.5,33.7,194,17,26,19,43,77.5,10.1,1018,57.6,46.3,55.5,8.3,12.4,53,235,179,146,8,13,21,345.6,116,98,22,31,20,0,0,1012,815,743,606,144,97,8,6,5,14,9868,2.02,100.2,6.5,93.9,6.2,0,0,0,9,0.04,0,0,0,-14.9,0,0,243,47,49,96,3109.8,15.4,10,9,19,373.2,3,1,34.3,9,"F"
"127",3e+06,61,24,13.2,22,1,6,2.4,63.8,44.5,74,21,27,10,48,88.9,10.5,1036,63.5,57.2,52.6,4,12.7,50,206,165,126,13,13,26,165.8,29,87,18,24,21,0,0,898,803,684,603,173,131,2,3,1,5,6534,1.81,95.6,13,88,2.9,0,0,0,40,0.05,0,11,0,-16,0,0,44,7,3,10,386.6,15.8,0,0,0,30.2,0,0,0,12,"F"
"128",8e+06,82,1,5.2,60,0,3,-9.3,86.4,54.5,167,9,28,14,37,72.5,7.6,999,65.5,50.5,56.4,8.5,9.9,35,186,150,105,6,7,13,350.1,71,56,30,30,26,692,54,1279,987,972,767,155,138,4,19,10,23,14390,2.79,95.2,11,89.6,2.4,1,0,1,3879,0.82,17.5,76.3,18.7,10.2,4,0,244,53,71,124,3517.5,-4.2,18,50,68,666.3,9,5,193.6,11,"F"
"129",650000,4,1,-0.6,2,0,0,1,0.9,1.4,18,0,0,0,0,0,5.9,1059,49.9,46.7,51.6,7.1,0,0,8,2,2,0,1,1,0,13,4,1,1,3,8,66.7,37,35,24,27,2,3,0,0,0,0,0,0.02,0,0,0,-100,0,0,0,107,0.46,0,32.1,0,0,0,0,0,0,0,0,0,0,0,0,0,0,0,0,0,0,"F"
"130",650000,30,-7,-4.1,4,0,0,3,10.5,17.2,28,3,2,2,5,83.3,3.8,971,50.1,56.6,47,-0.2,2.6,8,87,68,47,1,5,6,96.3,12,19,8,10,12,96,39.8,289,326,230,247,33,42,1,0,0,1,334,0.24,50.2,0,100,5.4,0,0,0,1928,1.11,8.9,91,8.9,-4.3,1,0,2,1,1,2,20.2,56.5,0,0,0,0.7,0,0,0,0,"F"
"131",725000,36,-12,0.1,15,1,1,-3.8,21.8,17.5,117,1,5,3,6,75,3.6,929,60.5,50.6,54.5,6.2,6.8,30,107,89,64,6,5,11,156.6,87,36,10,11,9,0,0,421,354,318,273,68,60,0,1,0,1,1044,0.5,123.4,3.3,97.4,7.2,0,0,0,53,0.02,0,285.7,0,-10.3,0,0,41,7,10,17,541.7,-4.9,0,0,0,32.1,0,0,0.5,2,"F"
"132",2825000,78,-8,1,14,1,3,-0.4,60.7,34.3,55,8,12,5,20,64.5,6.9,993,58.6,50.2,53.9,3.3,7.9,29,152,119,95,3,7,10,134,24,62,33,30,17,74,39.2,837,713,623,504,99,92,3,15,7,18,12294,2.6,113.6,15.4,88,-1.4,0,1,1,1063,0.27,28.5,45.6,38.5,22.9,1,0,132,12,38,50,1515.1,-1,9,19,28,344.5,0,0,22.7,2,"F"
"133",750000,4,-3,0,2,0,0,0,2.2,2.2,7,0,1,1,1,100,4.5,903,54.7,71.9,43.2,-7.3,1.4,7,18,13,11,2,1,3,40,1,0,0,3,4,0,0,40,53,29,39,10,7,0,0,0,0,0,0,0,0,0,0,0,0,0,0,0,0,0,0,0,0,0,27,4,2,6,300.7,10.3,0,0,0,13.1,0,0,0.6,0,"F"
"134",660000,23,-7,-4,27,0,0,-4,9.2,13.2,94,1,1,1,2,80,2.5,946,40.1,51,44,-3.9,2.6,6,43,35,27,2,3,5,70,49,30,11,12,13,87,43.8,179,229,144,174,20,38,0,0,0,0,87,0.11,59.4,26.7,69,-15.9,0,0,0,1443,1.03,9,101.3,8.2,3.4,0,1,0,0,0,0,0,0,0,0,0,0,0,0,0,1,"F"
"135",660000,44,6,0.8,24,0,0,-2,18.3,18.5,84,8,2,1,10,64.5,7.1,1022,47.6,48.2,49.7,2.9,5.2,20,88,79,59,5,2,7,23.6,48,40,9,11,10,24,36.5,374,375,308,289,53,55,0,0,0,0,418,0.19,71.1,21.3,76.9,-10.2,0,0,0,1000,0.4,3.3,98.9,3.3,-5.9,0,0,2,0,0,0,13,-47.5,0,0,0,1.5,0,0,0.8,1,"F"
"136",667500,10,-5,-3.5,4,0,0,-1,2.3,5.6,25,0,1,1,1,40,5.7,927,41.6,53.2,43.9,-3.1,0.6,3,17,11,8,0,1,1,29.2,14,12,0,2,3,18,56.3,81,104,64,77,6,21,0,0,0,0,16,0.16,0,0,0,-83.7,0,0,0,741,1.15,13.4,72.5,15.6,15.6,2,0,7,1,1,2,74.1,-14.6,0,0,0,2.2,1,0,6.6,0,"F"
"137",650000,4,-3,-0.7,4,0,0,-1,0.7,1.6,9,0,0,0,0,0,0,857,36.4,45.2,44.6,-0.6,0.1,0,5,4,2,0,0,0,0,4,8,1,0,1,10,38.5,24,30,20,28,3,5,0,0,0,0,15,0.07,0,0,0,-100,0,0,0,36,0.18,0,146.3,0,0,0,0,0,0,0,0,0,0,0,0,0,0,0,0,0,0,"F"
"138",650000,3,-4,0.3,4,0,0,-2,1.9,1.4,12,0,0,0,0,0,0,778,51.4,42.1,55,7.9,0.8,3,7,7,6,1,0,1,0,7,7,1,0,1,0,0,28,23,23,19,7,6,0,0,0,0,2,0.07,0,0,0,-92.9,0,0,0,0,0.09,0,0,0,-4.8,0,0,0,0,0,0,0,0,0,0,0,0,0,0,0,0,"F"
"139",5350000,56,9,1.7,16,2,2,6.5,55.1,40.2,66,10,16,4,26,74.3,9.5,1016,54,55.7,49.2,2.6,8.9,33,148,122,82,5,9,14,76.5,22,37,20,34,23,412,52.5,671,689,528,511,115,92,4,7,3,11,8035,2.32,100.7,16.4,86,-0.4,0,0,0,2386,0.73,8.7,122,6.7,-14.3,1,2,230,46,49,95,2937.4,3.4,9,24,33,544.5,8,4,159,5,"F"
"140",680000,27,-10,-0.5,26,1,2,-6.5,16.8,12.3,71,2,2,1,4,66.7,4.6,970,51.4,53.3,49.1,2.5,2.1,9,42,31,19,0,1,1,43.6,35,20,2,6,6,72,45.6,263,272,201,217,42,33,1,4,3,5,2709,1.62,86.2,13.2,86.7,-7,0,0,0,33,0.06,0,21.9,0,-1.8,0,0,41,1,10,11,522.7,-8.5,4,2,6,83,0,0,1.7,1,"F"
"141",1e+06,59,-12,1.1,8,0,1,3.3,29.7,38.2,83,7,5,1,12,85.7,4,962,55.2,50.6,52.1,3.5,7.8,26,118,100,77,5,9,14,47.6,37,52,17,25,26,1,0,677,625,493,479,76,86,0,0,0,0,1975,0.6,72.9,4.1,94.7,13.5,0,1,1,5904,1.65,6.8,95.1,6.7,-3.8,3,8,205,24,32,56,2568.6,12.9,2,7,9,128.3,15,1,175.1,2,"F"
"142",687500,39,-6,-5.3,8,0,0,3.8,20.1,20.9,42,5,4,2,9,81.8,5.9,983,50.8,57.2,47,0.1,5,19,88,72,56,3,3,6,61.3,18,25,5,17,10,0,0,338,380,256,306,41,71,1,0,0,1,3589,1.54,98.8,8,92.5,4.7,0,0,0,111,0.06,0,123.2,0,-8.2,0,1,73,9,12,21,832.3,3.7,2,4,6,94,0,0,0.6,3,"F"
"143",1100000,77,14,-1.6,99,0,0,-13.1,28.1,43.3,321,5,11,7,16,66.7,7.2,1023,45.4,55.4,45.1,-5.9,7.3,22,144,106,84,8,10,18,176.2,136,94,11,22,50,14,41.2,604,738,449,512,74,83,0,0,0,0,604,0.17,63.8,13.7,82.4,-5.3,0,1,1,7954,1.72,6.3,91.4,6.5,-7.2,2,11,57,3,7,10,506.3,-8.9,0,0,0,1.8,4,0,37.8,3,"F"
"144",4250000,80,16,2.7,28,1,6,7.8,71.4,58.6,96,22,23,12,45,74.4,9.4,1011,67.3,53.5,55.7,8.1,17,54,335,276,201,12,26,38,239.6,20,142,22,28,33,3,27.3,1212,965,928,758,154,141,4,5,0,9,9562,1.95,92,12,88.4,-1.2,5,2,7,5110,1.09,21.2,83.1,20.3,13.8,4,8,62,7,8,15,728.8,3.8,1,0,1,17,3,0,4.1,14,"F"
"145",1800000,77,-8,-10.6,40,0,2,-5.9,44.6,72,158,9,11,8,20,58.8,7.4,998,51.3,59.6,46.2,0.1,10.4,38,173,139,92,10,7,17,196.4,47,78,17,32,48,368,45.2,832,964,641,725,119,160,1,1,0,2,1748,0.41,67.2,13.4,83.4,-5.6,1,2,3,10319,2.15,14.6,105.6,12.2,0.9,7,19,89,8,14,22,1043.6,13,0,1,1,25.8,17,2,221.8,3,"F"
"146",5300000,82,-8,3.1,26,0,5,1.3,67.5,51.2,142,20,18,9,38,71.7,10.3,1008,50,48.5,50.8,5,14.8,52,235,176,127,11,13,24,164,89,84,31,32,23,7,70,970,940,727,724,142,144,5,3,2,8,11670,2.3,79.2,13.7,85.2,-4.2,0,0,0,231,0.08,0,93.2,0,-10.7,0,0,236,51,49,100,2925.7,44.8,18,22,40,554.1,0,0,1,9,"F"
"147",650000,4,0,-0.8,0,0,0,0,0.7,3.2,4,0,1,1,1,100,12.5,1082,27.4,69.1,28.4,-20.5,0.3,1,8,5,2,1,0,1,19,3,1,0,0,1,12,42.9,19,48,13,37,2,5,0,0,0,0,0,0,0,0,0,-83.3,0,0,0,544,2.23,13.6,135.5,9.1,-2,0,0,16,1,2,3,139.3,-65.8,0,0,0,0.3,1,1,16.7,0,"F"
"148",1800000,81,7,1.6,30,0,1,5.4,54.2,47,124,12,16,12,28,68.3,8.1,1011,56.5,58.8,49,1.6,12.3,54,168,132,102,12,6,18,281.9,68,78,23,20,19,9,34.6,962,1001,697,736,155,137,1,2,1,3,6493,1.37,79.8,8.8,90.1,2.8,1,0,1,882,0.21,19.4,57.7,25.2,8.7,1,0,30,3,6,9,307.3,-10.9,0,0,0,1,0,0,3.3,6,"F"
"149",650000,26,0,-1.2,44,0,0,-4,8,9.4,118,1,4,1,5,71.4,9.3,1015,44.2,55.6,44.3,-3.9,2.4,10,36,28,19,3,1,4,24.1,56,27,3,8,13,9,50,172,216,119,157,28,31,0,0,0,0,76,0.08,0,0,0,-93.4,0,0,0,116,0.09,51.2,51.2,50,35.4,0,0,14,0,2,2,154.9,-0.4,0,0,0,1.9,5,0,9.1,0,"F"
"150",7e+05,19,-1,2.8,4,0,1,0,8.7,9.1,25,1,3,1,4,80,5.2,983,57.6,54.5,51.4,1.6,2,8,42,31,26,2,3,5,37,15,24,11,9,6,2,100,184,175,137,121,32,25,0,0,0,0,122,0.15,42.6,0,100,18.2,0,0,0,725,0.64,0,93.5,0,-9,0,0,0,0,0,0,0,0,0,0,0,0,0,0,0,1,"F"
"151",750000,6,0,-1.1,0,0,0,0,1.6,4.1,23,0,0,0,0,0,5.3,1003,38.4,60.1,39,-4.5,0.3,1,7,4,2,0,1,1,0,17,3,0,0,5,0,0,35,53,24,34,6,8,0,0,0,0,0,0.05,0,0,0,-76.9,0,0,0,794,2.18,9.3,129.6,6.7,-20.4,1,1,165,13,29,42,1874.7,-1,0,1,1,55.3,16,5,179.5,0,"F"
"152",650000,2,-3,-0.2,0,0,0,-1,0.2,0.5,4,0,0,0,0,0,0,700,40.2,47.5,45.8,-4.5,0.1,0,3,2,1,0,0,0,0,3,2,1,0,1,0,0,11,13,6,12,0,0,0,0,0,0,0,0,0,0,0,-100,0,0,0,0,0.25,0,0,0,0,0,0,0,0,0,0,0,0,0,0,0,0,0,0,0,0,"F"
"153",666666,9,1,0.2,0,0,0,1,3.6,2.5,6,0,1,0,1,25,8.6,1009,61.6,63,49.4,-4.6,0.8,3,12,9,8,2,1,3,0,1,5,1,1,5,4,36.4,80,80,58,52,11,6,0,0,0,0,25,0.08,0,0,0,-66.7,0,0,0,68,0.13,50.3,50.3,50,37.9,1,0,0,0,0,0,0,0,0,0,0,0,0,0,0,0,"F"
"154",675000,49,-10,2.7,12,0,1,5,26.7,19.4,56,5,5,2,10,83.3,5.1,958,56.4,47,54.5,2.9,4.5,13,86,70,49,3,2,5,76.3,19,26,6,12,17,53,45.1,461,382,344,271,49,51,0,3,3,3,5145,1.75,100.5,10.5,90.5,2.2,0,0,0,3320,1.15,10.5,68.4,13.3,-2.4,4,7,0,0,0,0,0,0,0,0,0,0,0,0,0,1,"F"
"155",3100000,82,13,2.9,24,0,2,6,50.7,65.5,264,12,19,7,31,79.5,8,1014,51.2,59.3,46.3,-2.2,15.7,50,214,190,139,18,11,29,162.8,145,121,24,18,54,466,55.6,910,1050,673,745,138,146,0,0,0,0,1718,0.38,51,5.9,89.7,4.5,0,2,2,10712,2.15,21.8,92.8,19,9.3,6,20,160,21,30,51,1922.9,0.4,1,1,2,72.8,31,19,309,11,"F"
"156",650000,6,2,2.5,2,0,0,0,4.5,2.3,16,0,2,1,2,66.7,7.5,1075,63.8,41.8,60.4,12.4,1.4,4,26,19,14,2,0,2,24.8,9,11,1,2,3,0,0,74,48,58,36,14,10,0,0,0,0,112,0.36,134.1,0,100,14.3,0,0,0,3,0.13,0,0,0,-15.2,0,0,0,0,0,0,0,0,0,0,0,0,0,0,0,1,"F"
"157",950000,37,-8,-1.9,4,0,0,6,10.1,13.8,87,1,3,0,4,66.7,4.9,947,40,60.1,40,-8.6,2.3,9,46,34,25,4,5,9,0,66,42,6,7,15,39,39.8,214,323,158,228,32,41,0,0,0,0,234,0.12,30,0,100,13.2,0,0,0,656,0.31,10.5,42.6,19.8,5.6,0,1,143,10,19,29,1696.8,-12.9,1,1,2,71.6,18,7,132.2,0,"F"
"158",650000,19,-3,0.7,2,0,0,-1,8.9,6.3,41,2,1,0,3,100,3.4,960,54.3,51.8,51.2,2.1,2.7,7,46,39,25,2,2,4,0,31,26,3,6,8,1,33.3,169,162,131,119,17,12,0,0,0,0,136,0.15,115.1,0,100,10.5,0,0,0,0,0.04,0,0,0,-17.5,0,0,89,9,7,16,787.2,-17.7,1,2,3,16.4,2,4,44,0,"F"
"159",5300000,75,8,-0.4,39,0,3,7.3,70.9,57.6,247,12,25,9,37,82.2,8.3,1007,57.8,51.7,52.8,4.8,11.8,38,215,162,122,15,11,26,202.5,122,112,34,45,42,9,22.6,1010,904,755,707,136,118,5,10,4,15,12485,2.68,97.9,12.8,88.4,-3,0,0,0,7691,1.72,7.4,98.8,7,-3.5,9,21,218,43,81,124,2949.1,19.1,7,22,29,460.9,43,19,376,8,"F"
"160",650000,1,0,0.5,0,0,0,0,0.5,0.1,1,0,0,0,0,0,0,1000,90,68.5,56.8,3.7,0,0,0,0,0,0,0,0,0,1,1,1,0,0,0,0,9,7,7,5,2,0,0,0,0,0,0,0,0,0,0,0,0,0,0,0,0,0,0,0,0,0,0,13,1,1,2,98.1,7.7,0,0,0,0,0,0,0,0,"F"
"161",806558,10,-1,0.8,4,0,0,0,2.4,3.2,11,1,1,0,2,100,6.9,993,41.8,49.6,45.8,-1.1,0.7,2,14,10,7,1,0,1,0,7,17,0,2,0,0,0,61,72,41,55,7,7,0,0,0,0,10,0.04,0,0,0,-100,0,0,0,194,0.33,17.8,71,20,9.7,0,0,6,0,0,0,45.3,-27.8,0,0,0,0,0,0,0.3,0,"F"
"162",1750000,76,-1,-1.4,50,0,1,-0.5,37.9,36.1,231,13,8,5,21,67.7,8.1,1003,53,53.9,49.6,1.7,9.8,35,160,133,98,6,16,22,117.7,146,49,37,34,25,3,42.9,735,746,531,573,110,122,2,2,0,4,2127,0.51,95.8,14.1,87.2,-1.9,0,0,0,162,0.07,0,82.4,0,-16.1,0,0,71,3,13,16,813.1,-2.7,1,1,2,71.3,0,1,7.8,1,"F"
"163",687500,68,-12,-5.7,29,0,0,-5.9,22.9,32.5,127,4,5,2,9,60,4.6,975,50,56.5,46.9,1.3,6.5,28,108,78,62,9,4,13,79,68,49,14,10,28,197,52.7,592,668,440,502,77,85,0,0,0,0,357,0.16,19.3,12.8,60,-26.7,0,0,0,1968,0.5,6.9,95.4,6.8,-2.3,3,1,58,2,6,8,523.8,-56.7,0,0,0,3.8,8,0,35.5,1,"F"
"164",675000,10,3,-0.6,4,0,0,0,5.8,6,34,2,0,0,2,40,11.1,1055,50.8,61.5,45.3,-1.7,1.7,5,23,19,10,1,1,2,0,28,13,2,0,2,0,0,87,106,66,76,18,22,0,0,0,0,12,0.06,0,0,0,-84.6,1,0,1,304,0.53,22.3,100.4,18.2,5.7,0,0,1,0,0,0,5.6,-64.2,0,0,0,0,0,0,0,1,"F"
"165",1e+06,64,8,6.8,18,0,1,-4,29.5,30.9,133,8,8,5,16,68.1,7.7,1016,49.9,52.3,48.8,1.7,7.5,28,106,85,65,4,6,10,117.6,83,62,12,14,17,71,53.1,562,588,418,416,92,60,0,0,0,0,552,0.2,67.9,4.8,93.3,6.9,1,0,1,5577,1.47,11.5,91,11.2,0,6,11,78,7,7,14,561.2,-4.9,0,0,0,3.5,6,3,62.5,3,"F"
"166",650000,17,-1,-1.2,21,0,0,0,11.4,11.7,34,2,3,1,5,100,4.7,968,54.2,60.6,47.2,0,2,7,26,22,17,3,1,4,46,6,21,4,4,5,24,41.5,184,204,139,139,32,33,0,0,0,0,69,0.11,61.3,35.2,63.5,-18.5,1,0,1,1305,1.26,11.3,98.9,10.2,-5.5,0,1,0,0,0,0,0,0,0,0,0,0,0,0,0,1,"F"
"167",962500,2,0,1.4,0,0,0,0,1.5,0.7,3,0,0,0,0,0,11.1,778,67.3,29.8,69.3,16.2,0.7,3,5,4,4,1,1,2,0,3,2,0,1,0,11,55,23,10,19,7,5,3,0,0,0,0,0,0,0,0,0,0,0,0,0,0,0,0,0,0,0,0,0,102,9,17,26,1043.6,-15.8,0,1,1,15.4,5,1,70.5,0,"F"
"168",660000,11,-1,-0.6,0,0,0,0,2,2.8,17,0,0,0,0,0,0,976,43.4,56.9,43.3,-7.9,0.8,2,14,14,10,1,0,1,0,14,10,1,2,3,11,57.9,66,87,47,66,5,7,0,0,0,0,37,0.1,0,0,0,-89.5,0,0,0,0,0.01,0,0,0,-7.7,0,0,0,0,0,0,0,0,0,0,0,0,0,0,0,0,"F"
"169",5e+06,66,-5,-3.5,28,1,3,2,60.5,53.2,104,13,15,5,28,80,8.3,1002,53.1,54.3,49.4,0.9,9.4,33,166,133,85,5,11,16,110.8,43,49,23,20,23,429,51.3,775,792,586,610,107,110,6,11,6,17,11339,2.73,95.9,11.9,88.9,-2.9,0,0,0,8121,2.09,7.2,92.2,7.2,-3.9,5,5,228,46,68,114,3063.2,18,16,24,40,547.3,25,5,338.4,9,"F"
"170",2200000,80,-6,0.2,67,0,0,-2.7,58.3,67.6,233,12,19,10,31,78.5,7.5,983,58.8,54.3,52,2.7,14.7,50,223,182,119,15,13,28,262.8,96,117,30,32,42,479,49.3,1038,962,764,695,172,151,0,2,2,2,2592,0.57,78.5,16.1,83,-4.5,0,0,0,9414,1.91,13.2,104.5,11.2,0.1,8,15,45,5,6,11,471.6,8.7,0,1,1,3.4,8,5,60.3,2,"F"
"171",735000,80,0,1.1,6,0,2,15.1,45.1,58.3,100,9,11,7,20,58.8,7.7,999,53.4,54.1,49.7,-0.3,10.3,40,130,100,76,9,7,16,180.6,47,53,50,31,34,337,48.9,883,890,627,633,137,141,1,0,0,1,1313,0.34,55.8,19.3,74.3,-12.8,1,1,2,8592,1.84,15.2,105.6,12.6,3.3,8,10,122,10,25,35,1374.1,-11.1,2,3,5,43.8,9,1,126.5,5,"F"
"172",7e+05,51,-6,-4.2,26,0,1,5.9,13,27.9,187,2,2,0,4,57.1,4.7,987,40,53.4,42.8,-4.4,3.7,13,79,65,51,4,5,9,0,119,64,7,14,17,1,0,306,402,217,287,40,60,0,0,0,0,37,0.08,0,7.9,0,-87,0,0,0,5120,1.65,7.9,113.7,6.5,-2.5,5,13,3,0,0,0,0,0,0,0,0,0,0,0,0,1,"F"
"173",7e+05,25,1,0.1,2,0,0,1.3,16.1,14.2,31,2,1,1,3,25,7.1,1020,50.8,50.4,50.2,5.2,1.1,0,70,53,42,0,5,5,23.4,17,12,12,7,9,0,0,282,282,217,228,26,36,0,1,0,1,3141,2.09,78.5,15,84,-7,0,0,0,0,0.09,0,0,0,-3.6,0,0,0,0,0,0,0,0,0,0,0,0,0,0,0,1,"F"
"174",1475000,36,-7,-2.3,20,0,2,-4.8,22.7,30.2,76,5,5,2,10,50,8.1,996,49.3,57.8,46,-0.6,5.7,25,84,66,44,2,12,14,43.6,32,46,15,9,17,247,48.8,434,511,334,401,69,63,1,0,0,1,1014,0.53,63,21.6,74.5,-14.3,0,0,0,2653,1.18,5.7,127.7,4.3,-4.8,3,4,141,14,15,29,1830.4,-30.1,2,6,8,119.1,4,1,59.7,1,"F"
"175",1100000,69,-15,-1.2,39,0,2,-3.1,55.3,51.1,101,6,11,6,17,65.4,5.3,968,59.4,52.4,53.1,5.9,6.8,20,147,115,89,6,4,10,207,27,34,44,16,25,45,47.8,896,787,670,625,97,109,4,6,3,10,10207,2.39,96.7,12.7,88.4,-1.6,1,0,1,5627,1.37,13.3,67.9,16.3,-0.4,7,6,243,33,84,117,3117.6,19,13,29,42,558.8,31,4,309.2,1,"F"
"176",725000,68,-4,1.3,12,0,0,-0.2,25.8,36.5,122,4,4,4,8,48.5,5.1,984,53.1,55.7,48.8,-0.1,6,20,109,88,74,4,8,12,144.5,55,120,12,21,40,143,45.4,594,626,424,414,77,87,0,0,0,0,167,0.06,15.9,0,100,19.4,0,0,0,7195,1.74,5.6,103.1,5.2,-3.6,4,9,44,4,5,9,416.7,-1.2,0,0,0,2.2,0,0,1.9,0,"F"
"177",715000,13,0,-0.6,29,0,0,-3,2.1,3,61,0,1,0,1,50,9.3,1050,32.6,67.6,32.6,-13.6,0.3,1,6,5,3,0,0,0,0,26,14,3,0,1,0,0,41,84,32,68,7,8,0,0,0,0,0,0,0,0,0,0,0,0,0,0,0.01,0,0,0,-11.1,0,0,3,0,0,0,14.1,-29.7,0,0,0,0,0,0,0,0,"F"
"178",650000,13,-2,-1.3,21,0,0,-3,2.3,3.2,49,0,0,0,0,0,6.3,971,46.1,60.3,43.3,-3.4,0.5,1,13,9,5,0,2,2,0,23,10,1,3,2,1,100,67,89,46,66,8,7,0,0,0,0,12,0.08,0,0,0,-86.2,0,0,0,0,0.01,0,0,0,-7.7,0,0,0,0,0,0,0,0,0,0,0,0,0,0,0,0,"F"
"179",1750000,78,11,4.1,38,0,2,-3.4,50.2,34.5,216,15,7,3,22,64.7,8.3,1030,58.8,56.4,51,1.6,14.1,51,277,212,151,8,17,25,75.8,150,76,22,15,23,0,0,859,825,613,574,127,103,1,1,1,2,7384,1.59,87.3,13.7,86.4,0.3,0,0,0,32,0.03,0,14.1,0,-10.9,0,0,39,6,3,9,445.8,7.8,0,1,1,80.6,0,0,0.1,3,"F"
"180",7e+05,13,-2,-0.9,6,0,0,0.1,4.7,5.4,13,2,0,0,2,33.3,12.8,994,47.6,58.4,44.9,-1.3,0.9,5,16,14,10,0,1,1,0,4,11,6,2,3,0,0,91,111,70,77,13,19,0,0,0,0,534,0.71,103.4,12.9,88.9,-11.1,0,0,0,0,0.05,0,0,0,-8.1,0,0,70,9,6,15,634.8,55.3,2,3,5,145.2,0,0,0.5,0,"F"
"181",850000,3,1,-0.7,2,0,0,-1,0.3,1.1,6,0,0,0,0,0,20,1200,25.7,48.4,34.7,-10.2,0,0,0,0,0,0,0,0,0,4,3,0,0,0,0,0,11,20,7,15,1,2,0,0,0,0,68,0.38,52.8,52.8,50,-37.5,0,0,0,56,0.33,0,235.3,0,-10,0,0,132,17,17,34,1566.7,-6.8,1,0,1,34.8,8,0,59,0,"F"
"182",925000,70,-2,4.2,20,0,1,-1.8,32.9,33.6,100,5,11,5,16,66.7,6.7,987,55.7,47.4,54,3.7,8.3,33,152,112,74,8,13,21,148.6,55,66,13,10,14,330,51.5,716,608,523,466,98,80,0,0,0,0,1261,0.36,65.7,9.4,87.5,-2.4,1,0,1,5457,1.31,13,88.4,12.8,-0.6,1,8,102,4,10,14,1110.7,28.8,0,3,3,28.2,4,5,77.8,1,"F"
"183",12500000,82,27,24.2,26,1,6,34.7,115.7,69.7,89,26,45,29,71,91.6,10.7,1030,60.1,53.1,53.1,6.3,23.8,103,300,251,190,15,13,28,497.1,31,104,39,59,20,325,43.4,1331,1178,1006,853,276,181,3,24,9,27,14933,2.87,108.5,11.8,90.2,-2.9,1,1,2,3949,0.84,8.6,89.4,8.8,-2.4,8,6,45,13,21,34,633.2,4.1,3,11,14,131.8,0,1,32.7,26,"F"
"184",2250000,82,2,4.4,30,0,3,7.7,63,83.8,182,6,18,12,24,54.5,7.3,996,62.4,58.5,51.6,1.9,14.9,54,197,176,134,9,14,23,310.6,97,0,18,28,24,4,33.3,1139,1063,850,809,196,172,0,0,0,0,830,0.18,70.8,8.1,89.7,7.8,4,0,4,13722,2.77,12.9,116.7,9.9,-1,13,18,16,4,2,6,203.2,13,0,0,0,3.7,1,2,24.7,3,"F"
"185",4900000,61,-5,-4.3,24,5,6,-2.3,51.9,41.8,92,11,18,10,29,85.3,8.3,1001,58.7,58.6,50.1,0.7,7.9,29,146,106,73,8,13,21,230,33,74,27,12,31,231,41.9,782,780,572,583,125,120,6,9,4,15,8337,2.2,78,13.9,84.9,2.9,0,0,0,132,0.07,0,42.5,0,-15,0,0,227,48,47,95,2979.1,3.2,15,23,38,508.1,0,0,4.7,9,"F"
"186",650000,10,-3,-2.6,2,0,0,-0.9,2.6,3.7,13,1,1,1,2,100,4.6,984,52.8,49.4,51.7,1.9,0.7,2,22,15,9,0,1,1,45.8,9,14,2,0,2,31,44.8,90,85,59,68,4,9,0,0,0,0,551,0.94,44.2,12.6,77.8,-7.2,0,0,0,6,0.06,0,0,0,-4.3,0,0,0,0,0,0,0,0,0,0,0,0,0,0,0,0,"F"
"187",1850000,68,6,-1,16,0,1,-1.1,32.6,42.2,159,6,15,10,21,65.6,9.2,1012,50.3,54,48.3,0.5,7.3,31,96,78,53,5,3,8,210.3,93,91,20,23,31,10,64.3,674,727,496,528,110,114,0,0,0,0,408,0.17,22,7.3,75,-17.6,0,0,0,6427,1.57,15.8,83.4,15.9,-1.6,5,7,148,16,27,43,1681.8,13.3,0,1,1,22.4,27,9,246.8,0,"F"
"188",775000,59,-6,0.7,23,0,2,-5.8,28.9,27.3,135,7,7,6,14,77.8,5.9,982,55.1,56.6,49.3,-1.7,7.7,23,144,118,79,7,6,13,193.5,71,77,17,13,36,21,51.2,579,593,429,434,74,74,0,0,0,0,1565,0.49,88.3,4,95.7,6.7,0,0,0,3986,1.17,12,71.6,14.4,-1.1,6,2,35,1,3,4,301.6,-35.3,0,0,0,0.7,1,1,39.8,3,"F"
"189",3e+06,64,13,0,14,0,1,-1.7,39.3,33.4,70,10,20,9,30,88.2,8.7,1026,63.8,51.3,55.4,8,8.4,25,194,123,94,7,18,25,208.3,30,73,27,32,24,2,28.6,786,636,540,496,95,100,2,3,0,5,5602,1.52,92.7,11.5,89,0.2,0,0,0,14,0.02,21.7,0,100,89.7,0,0,132,24,29,53,1559.2,14,2,5,7,119.4,0,0,0,6,"F"
"190",1700000,65,2,-6.2,32,0,1,-8.9,24.4,30.6,162,8,11,7,19,73.1,8.8,1016,50.5,55.8,47.5,0.1,6.8,25,146,112,83,4,4,8,155.1,90,55,12,10,35,284,52,575,636,421,487,82,108,0,1,0,1,368,0.14,14.7,22,40,-49.3,0,0,0,529,0.15,17.7,94.2,15.8,1.7,0,1,69,12,13,25,748.5,22.6,1,2,3,49.6,3,1,18.5,2,"F"
"191",1e+06,49,4,-2.5,12,0,1,-1.4,22.4,25.6,32,6,6,2,12,54.5,8.4,1021,53,53.5,49.7,-0.1,4.9,23,67,53,45,5,6,11,44.7,5,31,11,19,15,159,53,491,494,347,356,72,86,0,2,0,2,2929,1.02,50.6,11.9,81,-11.2,0,0,0,60,0.03,0,29.9,0,-5.2,0,0,226,33,65,98,3187.5,7.1,8,23,31,552.3,0,0,13.7,2,"F"
"192",875000,40,-3,3.3,14,0,0,1.1,16.1,12.4,54,3,6,3,9,56.3,8.2,991,51.2,48.4,51.4,4.3,3.5,11,66,52,34,2,3,5,66.2,32,31,3,11,8,0,0,352,331,265,242,47,36,0,0,0,0,675,0.29,51.4,15.4,76.9,-4.2,0,0,0,10,0.05,0,15.7,0,-10.7,0,0,204,23,35,58,2584,-20.9,10,12,22,382.4,0,0,1.8,1,"F"
"193",650000,53,-19,-7.9,12,0,0,1.8,23.8,33.7,138,4,3,0,7,77.8,4,961,41.1,59.5,40.8,-5.2,5.8,21,96,85,65,3,1,4,0,87,49,12,15,24,18,43.9,402,581,314,439,53,68,0,2,2,2,3576,1.25,72.9,13.5,84.4,-1.4,0,0,0,3908,1.27,2.6,101.2,2.5,-5.6,2,5,157,21,30,51,1824.6,-27.5,0,2,2,124.1,9,7,96.9,1,"F"
"194",1e+06,15,-1,3.3,0,0,0,0.3,11.1,8.3,5,3,2,2,5,100,6,997,53.9,51.7,51.1,1.8,1.9,7,41,32,24,1,4,5,67,1,13,4,9,3,0,0,167,159,118,120,32,24,1,1,1,2,1386,1.49,92.5,13.6,87.2,-1.1,0,0,0,82,0.11,0,73.5,0,-29.2,0,1,226,33,55,88,2716.3,13.9,4,22,26,427,2,1,13.8,2,"F"
"195",7800000,82,18,5.8,46,0,4,0.1,69,53.9,121,16,29,15,45,76.3,10.1,1034,55.6,51.4,52,3.3,14,59,249,190,133,8,12,20,274.2,56,54,44,39,18,413,42.7,1078,997,791,747,164,162,3,11,7,14,9855,2.03,95.2,12.2,88.6,-1,0,0,0,128,0.07,37.7,18.8,66.7,53.1,0,0,179,24,65,89,2310,-12.4,9,24,33,297.4,0,1,4.3,8,"F"
"196",8e+06,79,7,7.3,51,0,0,5,84.3,49.2,135,6,25,12,31,68.1,8.2,1002,60.9,52.6,53.6,4.7,4.9,16,92,76,54,1,6,7,295.4,49,46,58,55,29,285,50.3,1116,973,806,692,147,130,1,18,3,19,15818,3.13,113.8,14.6,88.6,2.2,0,0,0,146,0.08,0,0,0,-11.4,0,0,242,32,120,152,3503.1,54.5,14,56,70,852.8,3,0,58.2,11,"F"
"197",650000,11,-2,-1.3,12,0,0,-1,1.7,3.3,36,0,0,0,0,0,0,949,24.5,57.3,29.9,-13.4,0.5,3,5,4,3,0,0,0,0,16,4,0,1,6,0,0,32,75,25,55,6,11,0,0,0,0,31,0.06,0,0,0,-94.4,0,0,0,0,0,0,0,0,0,0,0,136,5,3,8,866.5,-47.9,0,0,0,3.3,0,0,0.3,0,"F"
"198",6250000,82,4,5.9,28,0,6,-0.1,82.5,52,142,20,10,5,30,61.9,8.6,1019,59,56.4,51.1,1.8,16.6,64,237,203,144,12,16,28,113.1,78,87,38,40,30,96,52.9,1095,1048,801,744,164,148,7,9,2,16,14866,2.86,111.2,14,88.8,2.5,0,0,0,484,0.14,11.6,52.1,18.2,8.4,0,1,246,45,55,100,3558.2,9.5,29,43,72,861.2,14,3,356.7,8,"F"
"199",2750000,75,3,3.5,66,0,2,-4,39.4,39.2,228,10,9,6,19,63.3,7.5,1006,54.9,49.1,52.8,3.9,9.9,30,188,154,110,7,13,20,145,102,69,12,18,28,216,52.1,728,651,567,496,75,76,3,3,1,6,5293,1.18,88.9,9.9,90,1.3,0,0,0,4841,1.05,5.4,117.9,4.4,-6.5,4,12,240,26,24,50,2485.4,-6.2,3,2,5,81.2,59,13,500.9,5,"F"
"200",1150000,67,-5,-3.5,34,0,1,-8.4,37.3,44.9,112,8,6,5,14,62.2,6,993,52.1,55.4,48.4,-0.3,6.3,19,121,94,64,5,5,10,151.2,37,52,41,33,28,7,26.9,681,727,504,514,90,112,0,0,0,0,3456,0.91,91.8,6.8,93.1,4.5,0,0,0,5443,1.36,13.7,97.2,12.4,1.4,6,9,193,30,50,80,2409.6,14.6,16,8,24,393.4,8,6,78.1,1,"F"
"201",1e+06,78,14,6.6,63,0,1,-10.6,46.8,35.2,200,11,23,13,34,81,9.8,1025,56.7,51.2,52.5,4.2,8.8,36,152,118,92,9,3,12,241.1,91,45,24,15,38,2,40,777,705,568,523,131,101,2,1,1,3,6589,1.44,65.8,8.5,88.6,0.9,0,0,0,26,0.05,0,8.3,0,-13.4,0,0,234,44,69,113,3171.7,15.1,27,21,48,651.7,2,2,11.6,4,"F"
"202",1e+06,61,-9,-5.9,21,1,3,3.9,46.2,41.7,80,9,12,8,21,67.7,8.2,1014,48.6,51,48.8,3.7,8,25,153,121,98,2,9,11,179,43,47,24,20,10,16,61.9,687,728,506,564,98,106,1,9,6,10,9215,2.47,78.2,13.1,85.7,-1,0,0,0,204,0.1,0,62.4,0,-9.1,0,0,131,36,24,60,2041.7,-6.4,15,10,25,332.2,4,0,108.8,8,"F"
"203",1e+06,61,-2,-2.7,35,0,1,-3.1,16.6,29,209,3,4,1,7,41.2,7.8,991,43.8,50,46.7,-2.4,4.6,13,81,67,45,0,8,8,24.9,126,62,9,14,31,3,37.5,429,491,310,334,45,64,0,0,0,0,172,0.11,0,0,0,-86.1,0,0,0,5840,1.59,9.9,95.9,9.4,-4.5,3,9,200,22,29,51,2204.1,-43.3,0,1,1,21.6,69,7,375.6,0,"F"
"204",650000,13,0,-1.5,48,0,0,-6,1.4,2.3,73,0,2,1,2,66.7,16.7,1076,31.9,50.9,38.5,-10.9,0.2,1,6,3,3,0,0,0,12.7,19,8,2,0,2,0,0,38,61,27,45,4,8,0,0,0,0,25,0.05,0,0,0,-87.9,0,0,0,0,0.01,0,0,0,-8,0,0,84,4,6,10,530.6,-104,1,0,1,8.2,0,0,0,0,"F"
"205",7e+05,11,-6,-1.2,0,0,0,0.1,2.7,3.8,5,0,1,1,1,100,3.7,878,38.5,60.2,39,-9.7,0.2,0,5,3,3,0,0,0,49,2,2,1,3,3,26,46.4,48,78,35,60,4,12,0,0,0,0,587,0.88,76.3,0,100,5.1,0,0,0,0,0,0,0,0,0,0,0,20,2,3,5,172.6,-18.1,1,1,2,40.4,0,0,0.8,0,"F"
"206",8e+05,48,-22,-2.5,31,0,0,-3.7,39.6,31.6,80,6,10,4,16,94.1,5.2,940,57.8,55.5,51,0.8,8.7,28,189,147,113,7,7,14,143.3,24,41,15,15,21,16,44.4,614,589,455,413,86,82,1,0,0,1,6038,2.08,103.1,10.6,90.7,5.6,1,0,1,787,0.3,12.1,79,13.3,1,1,2,226,45,68,113,3286.4,39.8,25,38,63,669.6,1,0,14.2,2,"F"
"207",750000,73,-11,0.6,27,0,2,-2.1,25.7,32.1,201,7,5,4,12,66.7,5.8,966,49.9,55.2,47.5,-2.2,6.9,30,114,99,79,2,6,8,129.4,123,112,15,12,36,104,42.2,589,649,433,445,82,83,0,0,0,0,283,0.09,12.4,24.9,33.3,-56.4,0,0,0,3111,0.78,18.5,93.8,16.5,3,1,7,220,30,38,68,2853.7,0.5,5,13,18,243.3,35,18,259.2,3,"F"
"208",650000,46,-3,-5.4,22,0,0,-4.9,13.3,19.8,88,3,4,3,7,46.7,8.8,1022,41.8,58.4,41.7,-7.1,2.8,7,51,43,33,1,2,3,59.7,48,46,5,7,16,84,48.8,298,414,233,328,31,50,0,0,0,0,448,0.19,70,14,83.3,-8.1,0,0,0,1274,0.49,10.5,86.9,10.8,-3.2,0,0,19,2,0,2,155.3,6,0,0,0,1.7,0,0,4.4,2,"F"
"209",650000,3,-1,-0.1,0,0,0,0,0.7,0.7,2,0,0,0,0,0,0,929,57.3,55.7,50.7,3.3,0.2,0,7,5,3,1,0,1,0,1,1,0,0,1,0,0,22,21,14,20,3,2,0,0,0,0,0,0.03,0,0,0,-100,0,0,0,0,0,0,0,0,0,0,0,0,0,0,0,0,0,0,0,0,0,0,0,0,0,"F"
"210",2e+06,71,0,1.6,36,0,3,-5.6,58.7,51.5,280,9,15,7,24,70.6,6.7,997,58.9,58,50.4,0.9,11.8,43,189,146,113,13,6,19,186.3,201,103,24,23,25,2,9.1,903,892,657,651,137,136,0,5,3,5,6713,1.62,91.1,18.4,83.2,-1.3,0,0,0,3108,0.77,7.5,72.7,9.3,-3.3,2,1,232,44,59,103,3392.5,34.4,24,20,44,667.1,2,8,45.3,4,"F"
"211",650000,2,-1,-0.7,2,0,0,-1,0.3,1.1,9,0,0,0,0,0,0,933,27,80.4,25.1,-19.9,0.2,0,5,5,3,0,0,0,0,5,5,0,0,2,10,58.8,10,30,10,20,0,4,0,0,0,0,0,0.08,0,0,0,-66.7,0,0,0,0,0.04,0,0,0,-14.3,0,0,27,2,2,4,320.4,12.6,1,0,1,22.1,3,0,17.6,0,"F"
"212",4100000,80,-5,-4.5,16,0,1,-2.4,61,73.4,175,11,14,7,25,83.3,6.3,995,51,58.9,46.4,-4,11.9,45,166,132,108,13,13,26,193,55,77,20,24,77,455,49.3,826,958,623,676,134,165,6,5,3,11,8314,1.78,82.9,15,84.7,-0.9,1,0,1,10995,2.18,16.6,89.4,15.6,4.6,15,15,215,35,54,89,2595.9,5.4,10,17,27,444.6,58,1,416.9,4,"F"
"213",7e+05,9,-2,-1.5,0,0,0,3,3.8,5.2,14,0,2,2,2,100,4.3,959,51.4,56.2,47.8,-1.6,0.6,1,15,13,10,1,1,2,81,10,7,0,4,4,0,0,81,89,60,67,7,16,0,0,0,0,55,0.15,0,0,0,-72.2,0,0,0,4,0.03,0,0,0,-62.5,0,0,26,4,4,8,225.1,2.6,0,0,0,13.4,0,0,0,0,"F"
"214",7e+05,4,0,0.1,0,0,0,0,0.6,0.7,5,0,0,0,0,0,0,1000,39.1,34.7,53,5.1,0.2,1,6,3,2,0,0,0,0,3,3,0,1,2,0,0,18,16,13,11,2,4,0,0,0,0,0,0.05,0,0,0,-40,0,0,0,0,0,0,0,0,-20,0,0,1,0,0,0,9,20,0,0,0,0,0,0,0,0,"F"
"215",7e+05,38,-1,-4.1,16,0,1,-2.6,20.5,20.6,59,1,8,3,9,60,8.3,1009,49.8,54.2,47.9,1.2,4.8,15,77,66,40,3,4,7,65.8,30,41,7,6,12,149,51.6,343,369,272,286,45,58,0,1,0,1,2106,0.96,95.3,17.8,84.3,-1.8,0,0,0,1297,0.62,2.5,71.8,3.3,-8.5,1,0,147,4,6,10,1514.3,3,3,10,13,175.2,18,5,233,0,"F"
"216",1e+06,60,-6,2,31,0,0,4,29.8,26.9,117,5,9,4,14,75.7,5.6,982,61.5,55.6,52.5,3.3,7.8,27,147,111,88,6,10,16,141.5,60,83,13,15,22,80,39,655,590,464,420,78,76,1,1,1,2,4244,1.21,69.4,13.1,84.2,-5.8,0,0,0,89,0.04,55.6,55.6,50,44.7,0,0,47,6,3,9,458.1,0.8,0,2,2,14.7,0,0,0,2,"F"
"217",650000,46,-5,-2,24,0,0,-4,12.7,26.2,82,0,4,2,4,66.7,4.6,988,45.8,61.8,42.5,-4.2,2.9,10,57,53,37,1,6,7,82.7,25,21,4,5,16,164,52.8,247,333,180,245,34,38,0,0,0,0,1185,0.43,75.8,12.4,86,-2.6,0,0,0,6042,2.16,4.3,109,3.8,-3.7,5,11,35,0,3,3,290.7,1.2,0,0,0,3.7,5,1,57.6,0,"F"
"218",650000,38,-5,0.2,9,0,0,0.3,15.1,15.1,65,1,6,3,7,77.8,4.8,986,47.5,48,49.7,1.7,2.6,8,52,42,30,3,1,4,102.8,37,35,13,6,16,130,43.8,309,312,255,236,31,34,1,1,1,2,1504,0.71,82.8,9.9,89.3,2.7,0,0,0,339,0.16,0,59.2,0,-18.9,0,0,4,0,1,1,29.1,19.2,0,0,0,0.3,0,0,0,0,"F"
"219",650000,4,0,0.1,2,0,0,-1,0.9,1,11,0,0,0,0,0,0,1000,31.6,52,37.8,-5.9,0.6,3,5,5,4,1,0,1,0,9,4,1,1,0,0,0,15,24,12,17,4,4,0,0,0,0,0,0,0,0,0,0,0,0,0,0,0.04,0,0,0,-4.3,0,0,3,1,1,2,26.6,-15.8,0,0,0,0,0,0,0,0,"F"
"220",650000,21,-4,-5,22,0,0,-5,5.2,9.4,88,0,3,1,3,75,6.2,989,44.8,68,39.7,-10.8,1.3,4,29,24,18,0,4,4,31.3,48,17,2,4,16,0,0,125,188,99,136,13,30,0,0,0,0,11,0.08,20.2,0,100,9.2,0,0,0,10,0.04,0,43.5,0,-14,0,0,3,0,0,0,37.8,-7.9,0,0,0,0,0,0,0.5,0,"F"
"221",4500000,80,14,10.2,50,0,4,-8.9,66.8,45.1,119,19,19,7,38,74.5,9.2,1020,57.1,49.3,53.7,5.3,14.3,56,230,185,138,16,13,29,134.2,24,119,37,30,38,19,46.2,976,842,748,638,168,150,5,5,0,10,9933,2.08,101.4,13.5,88.3,-2,0,0,0,1854,0.44,8.3,61.8,11.9,-4.2,4,2,245,48,58,106,3350.6,46.6,11,18,29,475.3,11,0,129.4,8,"F"
"222",650000,2,-1,-0.6,0,0,0,0,0.4,1.5,6,0,0,0,0,0,0,875,50.1,48.9,50.6,3.2,0.1,0,2,1,0,0,0,0,0,5,1,0,0,1,7,36.8,16,16,10,12,1,2,0,0,0,0,0,0,0,0,0,0,0,0,0,171,1.44,0,103.7,0,0,2,0,53,0,4,4,497.7,-18.7,0,0,0,2.6,7,4,86.3,0,"F"
"223",650000,16,-3,0.7,2,0,0,0,7.4,6.3,26,0,1,1,1,33.3,3.2,948,63.1,50.5,55.6,8.1,1.7,6,28,24,15,1,0,1,56.5,19,22,2,4,5,32,40.5,170,135,131,104,25,18,0,1,0,1,61,0.08,89.3,0,100,0,0,0,0,290,0.32,11.6,58,16.7,4.5,1,0,5,0,1,1,47.4,-21.5,0,0,0,0.3,0,0,3.1,0,"F"
"224",675000,48,-16,-7,22,0,0,-3.3,26.8,28.3,68,4,7,2,11,68.8,6.2,974,52.6,63.4,45.4,-2,6.6,21,110,93,68,4,8,12,59.3,36,28,10,21,8,209,44.7,475,567,365,433,67,77,1,0,0,1,3309,1.19,63.9,19.2,76.9,-11,0,0,0,389,0.16,7.7,115,6.3,-5.1,0,1,170,18,28,46,1939.7,-25,7,8,15,230,6,5,120.3,1,"F"
"225",3150000,81,10,14.8,22,0,1,3.5,73.1,37.8,60,10,22,13,32,82.1,8,1010,59.3,50.1,54.2,6.1,9.6,33,208,158,120,5,14,19,287.8,18,58,23,17,14,147,47.3,862,729,651,530,148,112,8,10,5,18,11793,2.41,100.2,12,89.3,2.8,0,0,0,52,0.04,0,31,0,-9.5,0,0,201,24,47,71,2835.4,-3.2,9,13,22,440.8,0,1,28.4,8,"F"
"226",9e+05,64,-7,-1.6,95,0,0,-12.1,12.3,19.4,223,2,1,1,3,37.5,5.3,965,43.5,54.8,44.3,-2.9,2.5,8,57,39,30,2,5,7,35.8,84,34,2,3,19,12,52.2,295,372,199,251,41,43,0,0,0,0,127,0.05,47.2,23.6,66.7,-17.9,1,0,1,2376,0.6,9.5,80.4,10.5,0.9,0,6,218,14,22,36,1889.6,-25.7,0,0,0,19.4,5,10,63.2,0,"F"
"227",650000,65,-3,1.1,20,0,1,0.6,38,32.9,110,7,10,6,17,79.1,5.6,990,55.4,48.4,53.4,9.2,6.8,20,159,126,89,4,4,8,196.5,68,59,12,17,12,2,15.4,710,619,543,480,79,95,1,1,1,2,6567,1.8,64.3,15.4,80.6,-4.1,0,0,0,69,0.04,31.1,62.1,33.3,30.3,0,0,103,12,16,28,1176.5,25.1,1,2,3,111.8,0,0,4.4,0,"F"
"228",1650000,30,4,-0.1,14,0,0,-1,8.6,14.9,94,1,1,0,2,30.8,7.1,1048,39.7,58.6,40.4,-11.1,1.3,4,31,23,18,0,1,1,0,68,21,2,4,6,112,57.1,169,252,126,196,22,30,0,0,0,0,220,0.16,62.5,12.5,83.3,-6.6,0,0,0,2862,1.59,10,86.6,10.4,-1.5,2,3,210,13,23,36,2253.2,-5.6,0,0,0,20.7,44,5,378.5,0,"F"
"229",650000,4,2,0,0,0,0,0,1,1.1,5,0,1,1,1,50,13.8,1138,58,52.5,52.5,10.7,0.2,0,8,6,6,0,1,1,14,3,0,0,0,2,0,0,28,25,21,16,3,3,0,0,0,0,0,0,0,0,0,0,0,0,0,0,0,0,0,0,0,0,0,2,0,0,0,24.4,0,0,0,0,0.7,0,0,0,0,"F"
"230",650000,6,-2,-1,0,0,0,0,1.8,2.5,6,0,0,0,0,0,0,913,53.3,53.9,49.7,2,0.7,2,15,9,7,0,1,1,0,5,2,4,5,1,0,0,53,53,38,35,4,12,0,0,0,0,5,0.05,0,0,0,-80,0,0,0,201,0.56,53.7,0,100,83.3,0,0,26,1,1,2,191.7,-12.8,0,0,0,3.8,0,0,0.8,0,"F"
"231",650000,6,-3,-0.5,5,0,0,-0.9,2.1,3.1,13,0,0,0,0,0,0,880,48.8,61.2,44.3,-5.3,0.4,1,9,7,6,0,0,0,0,3,5,2,3,4,24,48,50,63,39,38,4,10,0,0,0,0,214,0.63,66,0,100,3.6,0,0,0,77,0.19,0,56,0,-5.9,0,0,56,2,3,5,520.6,-2.7,0,0,0,15.4,11,4,141,0,"F"
"232",825000,58,6,2.6,128,0,1,-16,18.5,20.2,296,2,10,7,12,57.1,8.8,1023,52,55.5,48.4,-2.1,4.9,18,86,64,38,4,5,9,151.8,128,48,19,18,21,66,44.3,460,492,336,331,65,71,0,0,0,0,103,0.05,0,0,0,-84,0,0,0,66,0.04,0,17.3,0,-9.9,0,0,20,1,0,1,146,-41.9,0,0,0,0.4,0,0,0,1,"F"
"233",1e+06,31,0,-2.3,6,0,1,0,9.8,11.3,89,8,3,2,11,84.6,9.9,1010,44.8,53.6,45.5,-3.8,4.4,15,74,62,53,1,4,5,34.4,69,32,7,3,13,6,46.2,224,265,169,189,31,47,0,0,0,0,160,0.12,19.7,0,100,9.8,0,0,0,262,0.16,22.9,68.8,25,11.8,0,0,27,3,0,3,296.3,-16.5,0,0,0,4.2,0,0,1.4,3,"F"
"234",4750000,71,-17,-4.4,53,1,2,5,61.5,58.6,257,15,15,7,30,81.1,7.8,979,55.1,55.1,50,2.5,13.3,51,206,166,124,15,6,21,164.8,135,57,18,21,53,617,57,870,867,646,677,118,160,5,4,3,9,10535,2.39,94.4,10.1,90.4,4.3,0,0,0,5800,1.38,20.7,100.3,17.1,3.6,4,4,166,26,47,73,2295,5.3,9,21,30,454.5,18,13,202.8,10,"F"
"235",650000,24,6,-0.4,8,0,0,-1.6,16.7,11.3,43,0,4,3,4,40,6.7,1037,57.5,48.9,54,4.5,2.3,10,39,30,18,4,1,5,77.1,28,21,6,4,5,1,0,258,218,206,175,46,35,0,1,1,1,1927,1.38,114.1,10.7,91.4,-4.2,0,0,0,1,0.05,0,0,0,-17.6,0,0,34,5,2,7,382.6,-36.4,1,3,4,55,0,0,0.6,1,"F"
"236",875000,7,0,1.9,2,0,0,0.1,5.2,3.3,14,1,1,1,2,66.7,5.9,969,63.2,47.6,57,12.8,1.3,4,23,21,15,1,1,2,28.5,9,7,4,1,3,0,0,85,64,68,47,18,10,0,1,1,1,536,1.3,65.4,6.5,90.9,-4.5,0,0,0,0,0.02,0,0,0,0,0,0,10,1,1,2,110.2,-4.4,0,0,0,4.5,0,0,0,1,"F"
"237",675000,10,-4,-1.7,2,0,0,0,2.5,4.3,17,0,0,0,0,0,6.1,918,48.6,61.7,44.1,-6.3,0.4,2,9,8,8,0,0,0,0,13,14,2,1,2,15,35.7,70,89,48,62,9,13,0,0,0,0,5,0.07,0,0,0,-81.3,0,0,0,297,0.5,11.9,95.5,11.1,-0.9,0,0,18,0,3,3,175.7,-2.4,0,0,0,1.1,0,0,7.8,0,"F"
"238",1e+06,82,2,1.2,44,0,1,-11,34.4,47.7,149,8,13,6,21,87.5,6.4,988,49.4,54,47.8,-3.9,6.8,22,129,96,78,0,8,0,178,58,76,24,26,31,296,56.2,710,775,523,578,92,99,0,0,0,0,1071,0.27,68.1,12.3,84.7,-3.2,3,1,4,9682,1.94,17.2,93.2,15.6,2.1,4,8,235,19,35,54,2549.9,-24.7,0,1,1,16.1,32,12,463.7,1,"F"
"239",2500000,81,-18,-14.8,16,0,4,2.6,67.4,63.5,95,16,24,14,40,100,7.8,995,51.6,60.3,46.1,-0.4,10.2,25,256,191,148,11,17,28,327.1,44,41,23,27,26,7,24.1,933,1083,706,851,125,214,4,11,7,15,13091,2.59,95.7,9.5,91,10,0,0,0,1215,0.29,19.5,70.8,21.6,12.2,2,1,222,37,51,88,3027.6,4.440892e-16,27,26,53,624.8,1,2,41.5,9,"F"
"240",7e+05,24,-3,-2.2,4,0,0,-0.9,7.8,8.7,31,2,1,0,3,60,5.8,987,46.4,52.6,46.9,-3.3,1.5,5,32,25,21,2,1,3,0,23,21,2,6,3,2,66.7,174,198,129,146,21,31,0,0,0,0,305,0.22,125.8,11.4,91.7,4.7,0,0,0,0,0.03,0,0,0,-23.8,0,0,9,0,0,0,107.3,5.6,0,0,0,3.6,0,0,0.9,1,"F"
"241",7e+05,51,2,-2,4,0,0,1.9,18.6,27.2,53,6,4,3,10,52.6,9.3,1024,48.2,53.1,47.6,-3,4.6,15,88,63,43,6,8,14,67.3,20,46,10,11,23,53,49.5,426,469,306,308,49,46,0,0,0,0,145,0.09,44.9,59.9,42.9,-41.1,0,0,0,4596,1.47,5.7,94.1,5.7,-6.5,2,6,198,13,21,34,2260.5,-48.9,0,1,1,61.2,34,1,381.1,1,"F"
"242",775000,54,-2,-6.3,16,0,0,4.8,19.2,35.9,95,4,7,3,11,64.7,6.6,999,47.8,62.9,43.2,-2.9,4.3,11,114,90,72,4,4,8,80,48,57,5,6,23,196,50.1,454,595,345,430,55,71,0,0,0,0,88,0.05,0,0,0,-90,0,1,1,4775,1.5,11.4,121.9,8.6,-1.2,4,6,119,12,18,30,1382.1,-12.1,4,1,5,47.4,14,2,155.3,0,"F"
"243",7e+05,3,1,0.3,0,0,0,0,0.7,0.5,1,0,1,0,1,100,14.3,1143,37.5,54.6,40.7,0.2,0.1,0,4,3,2,0,0,0,0,0,2,1,2,1,0,0,16,23,10,15,3,2,0,0,0,0,88,0.49,40.9,0,100,100,0,0,0,0,0,0,0,0,0,0,0,0,0,0,0,0,0,0,0,0,0,0,0,0,0,"F"
"244",1750000,23,5,7.2,10,0,1,-1.5,19.8,11.1,25,7,4,2,11,78.6,8.1,991,63.2,49.6,56.1,8.3,5.2,22,61,50,38,4,4,8,43.6,6,44,6,14,7,11,52.4,305,241,227,178,55,42,1,0,0,1,2167,1.59,70.2,21.2,76.8,-14.5,0,0,0,19,0.06,0,0,0,-9.6,0,0,14,0,0,0,112.3,-6.9,0,0,0,9.1,0,0,0.6,3,"F"
"245",1750000,69,-3,-8.1,46,0,1,5.1,46.9,36.7,81,7,14,8,21,80.8,7.7,1011,48.1,52.9,47.6,-0.9,5.2,13,138,106,77,2,12,14,200.2,5,35,22,32,26,47,54.7,651,719,465,545,61,112,8,8,1,16,10540,2.48,102.6,12.5,89.2,1.1,0,0,0,94,0.08,0,0,0,-15.3,0,0,219,36,50,86,2869.6,34.3,5,17,22,398.6,0,0,9.4,4,"F"
"246",650000,4,0,0,0,0,0,0,1.1,1.5,0,0,0,0,0,0,0,1000,55.9,36,60.8,13.4,0.3,1,4,3,3,0,0,0,0,0,2,0,1,0,12,50,32,21,25,19,2,3,0,0,0,0,6,0.07,0,0,0,-80,0,0,0,57,0.24,0,63.2,0,-18.2,0,0,9,0,0,0,68.9,8.7,0,0,0,0.4,0,0,0,0,"F"
"247",8e+05,32,9,2.2,6,0,3,3,14.7,14.5,51,7,5,3,12,66.7,10.5,1052,54.4,52.2,51,4.9,4.6,23,78,60,48,2,7,9,54.5,29,37,0,10,13,1,33.3,328,315,242,240,52,40,1,0,0,1,500,0.27,76.8,14,84.6,-6,0,0,0,1302,0.72,7.7,66.8,10.3,-0.7,1,1,113,9,12,21,1239.3,23.3,0,1,1,18.1,0,0,10.3,1,"F"
"248",725000,29,3,0.5,16,0,0,-2,10.3,9.3,101,2,3,1,5,55.6,7.7,1035,46.8,49.3,48.7,-2.8,2.6,10,43,32,24,0,2,0,25.6,79,59,3,9,5,10,37,228,240,168,182,31,23,0,0,0,0,49,0.11,0,0,0,-85.8,0,0,0,350,0.21,9.9,49.4,16.7,7.8,1,0,19,0,1,1,0,0,0,0,0,0,3,0,0,1,"F"
"249",1400000,46,1,1.3,12,0,0,0.6,26.8,22.9,74,5,15,8,20,93,8.1,1013,54.1,52.2,50.9,1.6,4.3,9,107,76,55,5,10,15,194.4,39,46,4,19,21,7,70,526,504,379,367,62,67,2,2,0,4,3070,1.13,69.5,13.9,83.3,-3.2,0,0,0,43,0.04,0,20.7,0,-13.5,0,0,56,8,10,18,635.8,-3,1,1,2,77.5,0,0,0.2,1,"F"
"250",650000,11,0,0.2,4,0,0,3.3,6.1,4,5,0,3,3,3,100,5.9,1002,46.1,51.4,47.3,0.4,1.7,4,20,20,14,2,0,2,81.5,1,11,6,5,0,1,50,81,91,67,76,16,10,1,0,0,1,1219,1.88,60.5,8.6,87.5,-1.6,0,0,0,0,0.03,0,0,0,-6.1,0,0,94,7,21,28,1097.6,-2,1,0,1,124.3,0,0,0.7,0,"F"
"251",650000,39,1,-0.2,29,0,0,2,13.8,12.9,134,2,2,2,4,66.7,4.2,1001,49.6,52.1,48.8,-1.6,4.8,13,65,47,33,8,7,15,99.3,83,62,4,5,18,111,53.6,298,310,219,227,33,26,0,0,0,0,157,0.12,33.1,13,71.7,-18,0,0,0,773,0.29,17,99.5,14.6,1.3,1,1,5,0,0,0,39.9,-36.8,0,0,0,0,0,0,0.8,0,"F"
"252",887500,57,-11,-4.5,6,0,1,10.9,26.8,30.9,119,7,8,5,15,78.9,6.8,965,56.4,56.4,50,1.4,9.4,37,139,98,71,14,13,27,153.3,85,70,14,23,21,1,33.3,588,592,406,426,84,84,0,0,0,0,232,0.07,32.9,0,100,6.7,0,1,1,2691,0.78,13.5,62.7,17.7,0.2,3,1,21,3,1,4,217.8,-8.5,0,0,0,2,1,1,7.4,4,"F"
"253",650000,37,5,-3,0,0,0,4,13.2,14.7,44,6,7,3,13,96.3,8.5,1035,46.5,61.8,42.9,-5.6,3.1,10,54,48,36,0,5,5,61.9,29,23,5,11,15,19,47.5,279,373,220,268,37,39,0,0,0,0,36,0.03,0,0,0,-76.9,0,0,0,3,0.02,0,0,0,-21.4,0,0,76,8,9,17,777.1,3,0,1,1,32.8,1,0,4,0,"F"
"254",650000,6,1,1.1,0,0,0,0,3,2,3,0,1,1,1,100,3.2,1032,64.4,55.5,53.7,9.7,0.9,4,11,11,8,1,0,1,53.5,3,6,2,0,0,0,0,54,46,42,36,13,6,0,0,0,0,0,0,0,0,0,-100,0,0,0,0,0,0,0,0,-27.3,0,0,23,0,1,1,203,-68.9,0,0,0,6.7,2,1,15,0,"F"
"255",650000,3,0,0.1,0,0,0,0,0.9,1.6,3,0,0,0,0,0,10.6,1022,36.1,73.3,33,-14.3,0.2,1,2,1,1,0,0,0,0,2,4,2,1,1,11,52.4,14,27,12,17,2,4,0,0,0,0,0,0,0,0,0,0,0,0,0,0,0.06,0,0,0,-28.6,0,0,0,0,0,0,0,0,0,0,0,0,0,0,0,0,"F"
"256",650000,7,-3,-1.1,0,0,0,0,1.2,2.5,14,0,0,0,0,0,0,908,63.1,78.8,44.4,-4,0.5,2,14,9,7,2,0,2,0,13,4,0,2,1,15,62.5,50,63,27,44,3,8,0,0,0,0,5,0.01,0,0,0,0,0,0,0,0,0,0,0,0,-5.9,0,0,20,2,2,4,209,1.1,0,0,0,1,0,0,1.5,0,"F"
"257",650000,14,-6,-2.8,0,0,0,0,3.8,5.1,35,0,0,0,0,0,2.3,895,43.7,54.6,44.4,-5,1,2,22,18,12,0,2,2,0,30,18,3,2,5,9,60,97,122,66,84,14,17,0,0,0,0,19,0.09,0,0,0,-90.5,0,0,0,78,0.1,42.8,0,100,100,0,0,14,1,1,2,142.4,-7.5,0,0,0,0.5,0,0,2,0,"F"
"258",1500000,66,20,5.1,40,0,3,-11.6,32.7,24.4,141,14,8,7,22,66.7,9.5,1047,59,50.3,54,5.7,6.4,18,120,90,74,4,5,9,139.9,86,44,12,14,12,2,22.2,661,563,476,415,86,70,1,0,0,1,1781,0.48,93.6,11,89.5,-0.5,0,0,0,63,0.03,27.3,68.8,28.4,15.6,0,0,137,18,17,35,1512.6,15.5,4,4,8,172.5,0,0,1,4,"F"
"259",1e+06,20,-1,2.8,8,1,1,-2.8,12.4,10.4,22,5,2,1,7,100,4.9,962,62.3,44,58.6,11.3,2.8,10,44,33,24,5,0,5,37.9,10,34,3,9,3,52,41,264,188,199,154,27,23,0,0,0,0,1005,0.92,51.5,6.4,88.9,0.3,1,0,1,1671,1.41,19,78.1,19.6,6.5,2,0,2,0,1,1,14.3,-33.6,0,0,0,0,0,0,0,3,"F"
"260",8e+05,29,-12,0.2,4,0,0,-2.9,12.9,10.2,34,1,0,0,1,50,1.4,917,53.1,52.8,50.2,2.6,4.7,19,61,48,34,7,4,11,0,21,35,7,3,8,0,0,264,262,195,187,41,29,0,0,0,0,542,0.38,85.2,14,85.9,2.6,0,0,0,113,0.08,19.9,19.9,50,38.2,0,0,143,12,22,34,1451.1,26.1,3,2,5,147,0,1,1.6,0,"F"
"261",1425000,67,-8,-2,22,0,3,-1.3,49.3,38.2,92,6,14,7,20,71.4,7.7,993,55.9,54.4,50.7,2.2,6.5,27,103,76,52,5,4,9,185.4,30,62,29,28,32,319,54.7,749,731,527,547,109,117,4,4,2,8,8534,2.1,81.1,9.4,89.6,-2.6,1,0,1,1768,0.45,11.8,48.4,19.6,0.6,2,2,6,1,0,1,65.8,11.9,1,0,1,4.8,0,0,0,4,"F"
"262",1950000,79,4,-1.5,101,0,0,-16.1,33.8,50.3,325,7,17,8,24,64.9,9.1,1016,49.9,54.5,47.8,-1,10.1,37,155,129,104,10,9,19,155.2,196,62,33,20,11,4,40,721,791,540,576,111,120,0,0,0,0,443,0.13,30.9,0,100,10.3,0,0,0,5220,1.11,13.7,93.2,12.8,3.1,1,5,151,25,26,51,1822.3,-8.5,2,0,2,86.9,0,1,6.6,2,"F"
"263",660000,1,-1,-0.2,0,0,0,0,0.8,1,1,0,0,0,0,0,0,833,39.1,78.2,33.3,-18.3,0.2,1,1,1,1,0,0,0,0,0,3,1,0,1,0,0,9,18,7,9,3,4,0,0,0,0,0,0,0,0,0,0,0,0,0,0,0,0,0,0,0,0,0,1,0,0,0,12.3,-39.1,0,0,0,1.1,0,0,0,0,"F"
"264",1100000,82,9,-1.2,16,0,1,8.8,42.1,60.4,151,9,12,7,21,70,6.6,1005,47.2,59.9,44.1,-5.1,10.1,43,141,118,84,7,10,17,194.1,45,119,14,25,64,17,46.9,831,1052,619,732,127,130,0,0,0,0,677,0.18,53.6,8.9,85.7,-0.4,0,2,2,10401,2.12,13.8,107,11.4,-4.6,9,20,27,3,4,7,280.9,-3,0,0,0,2.7,5,1,25.9,3,"F"
"265",650000,3,1,0.6,0,0,0,0,1.3,0.9,2,1,0,0,1,66.7,9.6,1013,52.4,45.6,53.5,10.6,0.4,2,7,7,6,1,0,1,0,2,2,0,0,0,12,48,22,19,19,16,5,0,0,0,0,0,7,0.14,0,0,0,0,0,0,0,80,0.49,0,120.1,0,0,0,0,0,0,0,0,0,0,0,0,0,0,0,0,0,0,"F"
"266",677500,36,-2,0.5,70,0,0,-11,16.2,15.7,149,0,2,2,2,33.3,3.5,979,57,48.8,53.9,2.9,4.1,12,80,56,38,5,2,7,116.5,69,47,10,5,7,41,62.1,349,299,250,221,47,53,0,0,0,0,166,0.1,50.3,0,100,12.3,0,0,0,364,0.21,15.8,42.6,27.1,12.1,0,0,78,10,3,13,673.1,-4.2,0,0,0,6.2,0,0,1.8,0,"F"
"267",5750000,68,28,1.7,36,1,4,4.3,72,50.8,181,25,15,8,40,78.4,11.1,1042,57.1,53.5,51.6,3.3,11.5,46,159,133,88,7,9,16,135.7,84,83,25,38,42,28,41.5,865,809,657,592,138,134,7,6,4,13,11835,2.83,113.2,10.3,91.7,6.5,1,2,3,4042,1.06,18.8,63.3,22.9,9.4,6,5,231,45,73,118,3342.7,15.3,19,26,45,619.9,24,6,335.5,12,"F"
"268",3150000,79,-2,4.4,24,0,2,8.7,86.6,52.5,156,19,14,7,33,75.9,7.7,999,61.4,58,51.4,2.1,15.7,56,255,208,156,15,15,30,168.4,80,61,12,25,34,2,50,1047,985,789,684,164,138,13,5,1,18,14001,2.82,113.1,14.8,88.4,4.7,0,0,0,812,0.2,3.8,93.4,3.9,-6.8,1,2,131,15,15,30,1379.6,20.5,12,7,19,228,6,0,60.2,11,"F"
"269",2750000,72,5,8.1,28,0,4,-0.9,38.6,39.6,105,14,11,5,25,70.4,7.5,996,56.3,52.9,51.6,4,10.9,35,192,157,120,10,14,24,115.8,39,64,16,19,31,379,55.4,826,775,632,577,105,78,1,0,0,1,871,0.28,63.3,6.2,91,2.5,0,0,0,4630,1.11,11.4,84.7,11.9,0.5,4,6,194,23,32,55,1945.6,-17,1,1,2,16.1,23,5,321.7,4,"F"
"270",650000,11,5,0.4,4,0,0,0,4.8,5.1,21,2,2,2,4,66.7,10.3,1083,63,50.8,55.4,7.2,1.2,3,21,20,18,1,2,3,35.3,15,17,2,1,2,34,47.2,106,87,82,66,10,9,0,0,0,0,42,0.03,0,0,0,0,0,0,0,533,0.82,19.8,85.7,18.8,11.2,0,0,1,0,0,0,8.1,-14.9,0,0,0,0,0,0,0,0,"F"
"271",650000,1,1,-0.1,0,0,0,0,0.8,0.7,2,0,0,0,0,0,40,1257,48.6,86.4,36,-6.9,0.1,1,1,1,0,0,0,0,0,0,0,2,0,2,1,100,9,16,8,10,4,3,0,0,0,0,0,0.07,0,0,0,-80,0,0,0,0,0,0,0,0,0,0,0,0,0,0,0,0,0,0,0,0,0,0,0,0,0,"F"
"272",675000,10,1,0.9,2,0,1,-1,3.7,2.7,27,1,0,0,1,50,4.8,1013,49.5,46.6,51.5,4.8,1.3,5,18,15,10,0,2,2,0,20,7,2,1,5,7,38.9,75,70,57,40,14,9,0,0,0,0,59,0.14,0,0,0,-100,0,0,0,14,0.01,0,0,0,0,0,0,15,0,2,2,153.1,-8.2,0,0,0,0.5,0,0,0,1,"F"
"273",650000,3,1,-0.2,2,0,0,-1,1.7,1.8,13,0,2,1,2,100,11.8,1065,48,62.7,43.4,-6.5,0.2,1,3,3,3,0,0,0,13.5,11,3,2,3,0,0,0,27,35,23,24,7,7,0,0,0,0,73,0.5,117.9,0,100,20,0,0,0,0,0.14,0,0,0,0,0,0,3,0,2,2,32.6,-3.7,0,0,0,1.9,0,0,0,0,"F"
"274",5500000,73,-13,-1.5,16,1,6,3.8,63.3,40.9,82,12,15,9,27,77.1,7.2,994,54.6,50.2,52.1,3,9.8,22,236,179,134,6,12,18,236.1,46,58,44,36,14,63,43.1,919,847,688,658,95,100,9,17,8,26,13508,2.99,95.2,11.6,89.1,0.4,0,0,0,24,0.05,0,0,0,-9.9,0,0,91,5,29,34,1032.1,9,3,5,8,168.6,0,0,1.6,15,"F"
"275",2860000,81,-6,5.8,16,1,2,5.2,74.4,44.5,76,10,17,7,27,73,7,986,57.2,46.4,55.2,6.5,9.7,35,202,165,117,5,10,15,193,24,68,54,43,29,186,48.3,1034,843,774,660,154,132,5,10,3,15,10866,2.2,111.9,8.1,93.2,3.6,0,0,0,77,0.06,6.9,13.8,33.3,17.2,0,0,115,15,18,33,1373.4,16.4,2,8,10,154.1,7,1,58,9,"F"
"276",725000,40,-11,0.1,11,0,1,1.3,14.8,13.1,52,3,3,2,6,75,4.9,940,51.9,55.8,48.2,0.6,4,17,68,52,38,6,2,8,77.5,28,39,5,8,12,0,0,308,332,224,238,38,42,3,0,0,3,1640,0.67,87.8,2.3,97.5,3.3,0,0,0,0,0.01,0,0,0,-15.7,0,0,39,4,2,6,381.3,-7.8,0,0,0,12.8,0,0,0.7,2,"F"
"277",850000,38,0,0.2,10,0,0,3.7,18.4,12,107,2,7,3,9,100,6,1014,49.1,52.9,48.1,2,4.4,16,63,55,36,4,7,11,95.2,78,37,9,16,14,1,25,288,311,206,214,49,37,2,0,0,2,3099,1.38,82,13.7,85.7,0.9,0,0,0,76,0.04,0,73.8,0,-2.4,0,0,69,13,17,30,845.5,16.5,0,1,1,31.3,0,0,2,0,"F"
"278",725000,9,0,-0.5,9,0,0,0,2.4,3.4,20,1,2,0,3,60,16.1,1030,47.7,55,46.4,1.6,0.5,2,14,11,8,0,1,1,0,5,4,0,3,5,27,45.6,61,71,45,51,7,12,0,0,0,0,6,0.1,0,0,0,-95.7,0,0,0,0,0.04,0,0,0,-4.5,0,0,78,5,5,10,590.1,-29.7,1,0,1,14.2,0,0,1.8,1,"F"
"279",4600000,63,6,6.8,22,1,2,-6.5,56.4,37.2,80,12,14,4,26,91.2,6.4,982,63.4,47.1,57.4,7.8,12.2,44,235,176,122,11,15,26,118.6,50,68,26,14,2,1,50,844,631,624,478,119,95,4,3,0,7,8607,2.16,121.4,5.9,95.4,7.9,0,1,1,3981,1.06,18,80,18.3,6.9,3,1,220,47,62,109,2699.4,61.7,13,7,20,370.3,5,8,177.2,8,"F"
"280",675000,64,-14,-10.1,32,0,0,-9,16.6,26.9,235,3,3,1,6,70.6,4,960,44.9,59.8,42.9,-5.1,5.8,19,127,102,70,3,4,7,49.9,165,61,10,20,24,3,75,427,570,322,420,42,70,0,0,0,0,292,0.1,11.3,0,100,14.8,0,1,1,3487,0.93,17.5,84.8,17.1,3.7,4,4,55,4,7,11,594.3,-14.8,0,0,0,2.4,0,0,0.9,0,"F"
