"","PLAYER","AGE","POS","DATE","LENGTH","VALUE","CAP HIT","Nat","Ht","Wt","DftYr","DftRd","Ovrl","GP","+/-","E+/-","PIM","OTG","GWG","NPD","xGF","xGA","Grit","1st","2nd","3rd","LY Salary","LY Cap Hit","ev_G","ev_A","ev_A1","ev_PTS","ev_IPP%","ev_SH%","ev_PDO","ev_F/60","ev_A/60","ev_Pct%","ev_RelPct%","ev_ixG","ev_iSCF","ev_iCF","ev_iFF","ev_iSF","ev_iRB","ev_iRS","ev_iDS","ev_Pass","ev_iHF","ev_iHA","ev_iGVA","ev_iTKA","ev_iBLK","ev_iFOW","ev_FO%","ev_CF","ev_CA","ev_FF","ev_FA","ev_SCF","ev_SCA","pp_G","pp_A","pp_A1","pp_PTS","pp_TOI","pp_TOI/GP","pp_F/60","pp_A/60","pp_Pct%","pp_RelPct%","pk_G","pk_A","pk_PTS","pk_TOI","pk_TOI/GP","pk_F/60","pk_A/60","pk_Pct%","pk_RelPct%","pk_iTKA","pk_iBLK","Prev3GP","ev_Prev3G","ev_Prev3A","ev_Prev3PTS","ev_Prev3TOI","ev_Prev3Corsi","pp_Prev3PPG","pp_Prev3PPA","pp_Prev3PPP","pp_Prev3TOI","pk_Prev3Blk","pk_Prev3Hits","pk_Prev3TOI"
"1","Brayden McNabb",26,"D","29-Nov-17",4,"$10,000,000","$2,500,000","CAN",76,212,2009,3,66,49,1,9.2,54,0,0,-7.5,33.5,24.5,224,0,0,0,"$1,600,000.00","$1,700,000.00",2,2,0,4,"22.20%","4.70%",979,"66.9","44","60.30%","9.70%",2.5,6,122,73,46,6,5,"11",0,106,85,30,9,48,0,"0.00%",785,516,565,369,96,79,0,0,0,0,259,0.1,38,12.7,"75.00%","-6.00%",0,0,0,1666,0.61,11.8,66.9,"15.00%","-2.20%",0,5,164,4,27,31,2503.8,20.8,0,6,6,120.9,30,35,201.6
"2","Roman Polak",31,"D","23-Oct-17",1,"$1,100,000","$1,100,000","CZE",74,235,2004,6,180,75,10,-2.3,65,0,1,-13.5,54,75.4,433,0,0,1,"$2,250,000.00","$2,250,000.00",4,7,3,11,"27.20%","7.60%",1019,"55.3","60.2","47.90%","-3.00%",2.5,3,157,95,59,2,5,"7",76.2,205,118,42,13,91,0,"0.00%",1029,1120,786,837,174,157,0,0,0,0,54,0.05,9.3,0,"100.00%","16.00%",0,0,0,13061,2.82,13,105.7,"10.90%","1.80%",3,37,207,10,28,38,3358.6,-12.8,0,0,0,9.3,104,79,566.2
"3","Derek Forbort",25,"D","19-Oct-17",2,"$5,050,000","$2,525,000","USA",76,216,2010,1,15,82,8,4.1,54,0,0,1.3,62.9,75.8,395,0,1,1,"$650,000.00","$650,000.00",2,15,6,17,"36.20%","7.10%",1002,"53.5","50.3","51.60%","-0.10%",3.2,2,203,136,95,10,11,"21",163,152,140,64,8,125,1,"100.00%",1273,1202,938,892,193,193,0,0,0,0,745,0.21,56,17.5,"76.20%","-11.80%",0,1,1,10752,2.19,11.3,87.3,"11.50%","-2.70%",1,31,14,1,1,2,145,28.1,0,0,0,0,0,0,9.9
"4","Michael Matheson",23,"D","7-Oct-17",8,"$39,000,000","$4,875,000","CAN",74,192,2012,1,23,81,-5,-6.3,36,0,0,-1.5,61.2,81.8,223,1,0,1,"$925,000.00","$925,000.00",7,8,4,15,"32.60%","6.60%",990,"53.5","54.5","49.50%","1.60%",6.7,7,275,215,154,1,10,"11",107.7,53,77,52,40,92,0,"0.00%",1242,1264,967,966,148,174,0,1,1,1,2465,0.6,80.7,12.4,"86.70%","-3.80%",0,1,1,12621,2.55,15.5,87.1,"15.10%","-2.10%",3,20,3,0,0,0,48.3,7.5,0,0,0,0,0,0,0.6
"5","Mark Borowiecki",28,"D","5-Oct-17",2,"$2,400,000","$1,200,000","CAN",73,216,2008,5,139,70,-3,3,154,0,0,-19.4,34.6,37.4,622,0,0,0,"$1,100,000.00","$1,100,000.00",1,2,2,3,"13.60%","5.10%",990,"53.5","56.7","48.60%","0.50%",1.9,3,115,74,50,4,11,"15",75.2,351,134,14,5,80,1,"100.00%",822,874,584,629,114,99,0,0,0,0,71,0.04,0,0,"0.00%","-84.30%",0,0,0,2997,0.76,20.5,86.7,"19.10%","7.40%",1,10,139,3,11,14,1773.8,-22.1,0,0,0,1.9,70,51,310.7
"6","Josh Manson",25,"D","4-Oct-17",4,"$16,400,000","$4,100,000","CAN",75,215,2011,6,160,82,14,13.1,82,0,1,-6.5,68.8,75.4,394,1,1,1,"$825,000.00","$825,000.00",4,11,3,15,"30.90%","7.40%",995,"56","48.5","53.60%","6.30%",4.7,8,171,121,80,4,11,"15",75.2,176,119,49,18,66,0,"0.00%",1214,1050,925,783,209,162,0,0,0,0,369,0.11,39.4,5.9,"87.00%","-1.20%",1,1,2,11527,2.35,13.1,99.1,"11.60%","-2.80%",4,11,99,5,13,18,1601,23.2,0,0,0,8.2,24,22,186.4
"7","Cody Franson",30,"D","4-Oct-17",1,"$1,000,000","$1,000,000","CAN",77,224,2005,3,79,68,-5,4.5,34,0,0,-7.2,53.1,48.8,189,0,0,0,"$2,650,000.00","$3,325,000.00",2,15,5,17,"45.90%","6.60%",990,"53.5","51.9","50.70%","4.50%",2.8,2,170,116,82,2,9,"11",131.5,84,45,24,12,64,0,"0.00%",971,942,755,717,133,128,1,1,1,2,5955,1.54,78.5,10.2,"88.50%","0.10%",0,0,0,3427,0.88,5.9,91.4,"6.10%","-2.40%",2,2,216,9,35,44,3280.3,-10.1,7,35,42,537.2,38,44,292.9
"8","Nikita Zadorov",22,"D","15-Sep-17",2,"$4,300,000","$2,150,000","RUS",77,230,2013,1,16,56,-20,-12.8,73,0,0,-8.1,32,51.7,298,0,0,0,"$832,500.00","$894,167.00",0,8,6,8,"36.40%","5.70%",966,"50.3","55.4","47.60%","1.20%",2.4,1,136,87,52,1,4,"5",202.4,141,43,18,12,49,0,"0.00%",748,828,556,624,69,113,0,2,1,2,2140,0.7,72.5,6,"92.40%","6.60%",0,0,0,7186,2.17,12.7,96.5,"11.70%","-1.90%",0,18,89,2,11,13,1400.5,-48.1,2,3,5,89.6,1,5,46.9
"9","Petteri Lindbohm",23,"D","11-Sep-17",1,"$650,000","$650,000","FIN",75,198,2012,6,176,7,-4,-0.1,4,0,0,-0.6,3.9,4,19,0,0,0,"$645,000.00","$636,667.00",0,0,0,0,"0.00%","3.40%",901,"64.6","58.6","52.50%","6.30%",0.3,0,19,12,10,0,1,"1",0,9,7,1,1,5,0,"0.00%",97,87,75,62,11,13,0,0,0,0,2,0,0,3000,"0.00%","0.00%",0,0,0,73,0.25,35,35,"50.00%","42.30%",0,0,33,2,1,3,480.6,9.4,0,0,0,0.5,2,0,10.1
"10","Damon Severson",23,"D","11-Sep-17",6,"$25,000,000","$4,166,666","CAN",74,205,2012,2,60,80,-31,-10.2,58,0,1,-6,76.4,65.4,212,1,0,3,"$600,000.00","$605,833.00",3,15,8,18,"50.70%","5.60%",982,"51.8","50.8","50.50%","6.00%",4.8,9,206,143,94,6,6,"12",265.4,68,55,45,18,64,0,"0.00%",1177,1158,903,905,168,178,0,13,4,13,10887,2.27,91.6,12.3,"88.20%","5.40%",0,0,0,1514,0.36,0,67.7,"0.00%","-7.10%",1,1,123,6,20,26,2059.9,-1.2,0,12,12,213.8,3,2,61.1
"11","Robbie Russo",24,"D","5-Sep-17",2,"$1,300,000","$650,000","USA",72,189,2011,4,95,19,2,-0.4,2,0,0,-0.7,8.2,10.9,39,0,0,0,"$692,500.00","$680,000.00",0,0,0,0,"0.00%","6.00%",1008,"52.3","47.7","52.30%","6.50%",0.5,1,38,29,16,0,2,"2",0,22,46,11,0,8,0,"0.00%",241,222,184,175,27,32,0,0,0,0,151,0.1,32.9,11,"75.00%","-25.00%",0,0,0,1290,1.14,19.3,74.5,"20.60%","13.20%",0,2,0,0,0,0,0,0,0,0,0,0,0,0,0
"12","Tyler Wotherspoon",24,"D","5-Sep-17",1,"$650,000","$650,000","CAN",74,207,2011,2,57,4,-2,1,0,0,0,0.2,1.4,1.5,5,0,0,0,"$625,000.00","$625,000.00",0,0,0,0,"0.00%","0.00%",889,"44.7","51.7","46.40%","-3.70%",0.2,1,8,5,4,1,0,"1",0,3,4,4,1,2,0,"0.00%",33,38,28,28,3,4,0,0,0,0,0,0.1,0,0,"0.00%","-88.90%",0,0,0,0,0,0,0,"0.00%","0.00%",0,0,26,0,5,5,344.6,-19.8,0,0,0,0.2,2,1,16.4
"13","Brett Kulak",23,"D","28-Aug-17",1,"$650,000","$650,000","CAN",74,187,2012,4,105,21,-3,-0.4,12,0,0,-3.5,11.7,12.1,39,0,0,1,"$680,000.00","$656,667.00",0,3,2,3,"42.90%","5.40%",979,"53.9","53.2","50.30%","3.40%",1,1,51,29,18,1,4,"5",74.4,14,15,9,4,13,0,"0.00%",262,256,180,200,35,31,0,0,0,0,362,0.34,73.5,16.3,"81.80%","-5.70%",0,0,0,133,0.15,0,65,"0.00%","-17.60%",0,0,9,0,0,0,117.6,29.8,0,0,0,0.4,0,0,1.8
"14","Francois Beauchemin",37,"D","21-Aug-17",1,"$1,700,000","$1,000,000","CAN",73,208,1998,3,75,81,-14,-12,32,0,1,0,60.4,81.2,261,1,0,0,"$4,500,000.00","$4,500,000.00",5,10,7,15,"34.90%","6.60%",976,"53.9","58.5","48.00%","1.50%",4.3,6,240,161,110,4,10,"14",199.3,66,42,38,25,112,0,"0.00%",1235,1335,920,990,151,165,0,3,1,3,5202,1.11,65.1,11.9,"84.50%","-3.20%",0,0,0,14746,3.01,10.9,91.2,"10.70%","-3.80%",3,35,216,18,36,54,3977.1,-16.4,5,11,16,375.7,114,33,648.8
"15","Nate Schmidt",26,"D","5-Aug-17",2,"$4,450,000","$2,225,000","USA",73,194,2009,10,266,60,22,10.1,16,0,0,-2.6,40.8,36.2,104,0,0,1,"$875,000.00","$812,500.00",3,13,3,16,"38.10%","10.00%",1044,"57","49.6","53.50%","5.40%",3.3,7,135,88,57,1,3,"4",58.7,49,68,42,35,34,0,"0.00%",822,715,592,539,134,88,0,0,0,0,572,0.17,85.2,11.3,"88.30%","0.10%",0,1,1,2561,0.76,14.2,77.9,"15.40%","4.50%",1,3,140,5,21,26,2209,11.5,0,0,0,10.1,16,3,108.4
"16","Jamie Oleksiak",24,"D","4-Aug-17",1,"$964,688","$964,688","CAN",79,255,2011,1,14,41,-4,-1.4,37,0,1,-3,26.5,32.3,144,1,1,0,"$918,750.00","$918,750.00",5,1,0,6,"30.00%","6.70%",981,"56.3","58.2","49.20%","-0.60%",1.2,2,63,42,30,0,1,"1",0,51,51,24,13,43,0,"0.00%",562,576,420,408,86,90,0,0,0,0,302,0.15,32,7.5,"81.10%","-4.00%",0,1,1,3022,1.23,16.1,96.1,"14.40%","1.30%",0,9,62,1,9,10,770.5,-0.8,0,0,0,8.9,17,6,67.6
"17","Nate Prosser",31,"D","3-Aug-17",2,"$1,300,000","$650,000","USA",74,201,2004,10,266,39,0,1.1,12,0,0,-1.6,17.2,18.5,106,0,1,0,"$650,000.00","$625,000.00",2,4,1,6,"33.30%","8.50%",1007,"50.6","59.7","45.90%","-1.60%",1,0,51,38,20,0,2,"2",22,30,72,9,2,56,0,"0.00%",399,469,309,324,55,48,0,1,0,1,24,0.06,28.2,0,"100.00%","16.20%",0,0,0,1382,0.6,6.3,68.1,"8.50%","-2.40%",0,7,170,4,11,15,1912.1,-23.3,0,1,1,3.8,44,7,271.4
"18","Brett Pesce",22,"D","1-Aug-17",6,"$24,150,000","$4,025,000","USA",75,200,2013,3,66,82,23,9.8,20,0,0,11.8,76.7,70.9,225,0,1,0,"$792,500.00","$809,167.00",2,16,7,18,"27.10%","9.30%",1009,"57.8","49","54.10%","5.80%",3.6,3,232,139,91,4,10,"14",146.2,50,123,30,44,116,0,"0.00%",1411,1198,1018,890,227,181,0,2,0,2,3044,0.64,86.9,10.1,"89.50%","-4.70%",0,0,0,10647,2.11,13.3,76.6,"14.80%","-6.10%",6,21,69,3,8,11,1099.6,1.1,1,4,5,64.4,15,1,71
"19","Nathan Beaulieu",24,"D","31-Jul-17",2,"$4,800,000","$2,400,000","CAN",74,205,2011,1,17,74,8,0,44,0,1,3.7,65.9,62.5,213,1,0,2,"$1,000,000.00","$1,000,000.00",2,14,6,16,"29.90%","8.90%",1021,"57.6","56.2","50.60%","0.80%",3.5,3,182,120,89,7,11,"18",131.7,62,164,68,11,94,0,"0.00%",1174,1145,836,822,176,169,2,10,6,12,7349,1.7,81.3,18,"81.90%","-3.70%",0,0,0,4317,1.01,12.6,71.6,"15.00%","5.30%",0,5,145,2,23,25,2121.4,-9.5,1,4,5,147.1,10,2,42.1
"20","Mark Streit",39,"D","25-Jul-17",1,"$1,000,000","$700,000","CHE",71,191,2004,9,262,68,-12,3.1,28,0,2,0.2,66.2,54,158,0,2,0,"$4,000,000.00","$5,250,000.00",5,9,2,14,"44.40%","5.70%",976,"59.7","55.6","51.80%","2.60%",3.5,7,157,104,77,4,2,"6",66,35,86,35,11,84,0,"0.00%",1042,972,759,696,144,155,1,12,3,13,9340,2.25,90.6,10.7,"89.50%","0.30%",0,0,0,2271,0.6,11.5,82.3,"12.20%","2.70%",1,2,225,15,51,66,3911.7,-0.8,10,43,53,685.7,11,1,137
"21","Mirco Mueller",22,"D","25-Jul-17",2,"$1,700,000","$850,000","CHE",75,210,2013,1,18,4,2,-0.1,0,0,0,2.2,1.4,1.5,5,0,0,0,"$832,500.00","$894,167.00",1,1,0,2,"66.70%","17.60%",1121,"55.2","58.2","48.70%","-1.80%",0.1,0,6,3,3,0,0,"0",0,2,2,2,2,3,0,"0.00%",35,36,24,26,5,8,0,0,0,0,0,0.08,0,0,"0.00%","-78.90%",0,0,0,56,0.28,0,0,"0.00%","-18.20%",0,0,50,1,3,4,733.8,3,0,0,0,13.9,3,2,29.2
"22","Adam Pelech",22,"D","24-Jul-17",4,"$6,400,000","$1,600,000","CAN",75,210,2012,3,65,44,-5,-10.4,6,0,0,3.4,22.2,35.5,147,0,0,0,"$925,000.00","$854,333.00",3,7,1,10,"37.70%","8.70%",997,"49","56.2","46.60%","-2.40%",1.3,1,88,56,39,1,5,"6",21.4,71,62,26,17,53,0,"0.00%",568,646,406,494,60,105,0,0,0,0,89,0.07,72,19.4,"78.80%","-12.40%",0,0,0,2580,1.01,9.4,90.9,"9.30%","-3.70%",0,13,9,0,2,2,129.3,-15.8,0,0,0,5,3,1,15.3
"23","Brian Dumoulin",25,"D","24-Jul-17",6,"$24,600,000","$4,100,000","USA",76,207,2009,2,51,70,0,2.2,14,0,0,5.5,65.3,71.5,226,0,0,1,"$800,000.00","$800,000.00",1,10,4,11,"22.70%","7.40%",989,"56","53.3","51.30%","1.50%",2.8,5,162,91,68,8,5,"13",94.5,104,171,32,22,82,0,"0.00%",1143,1088,861,807,212,198,0,4,2,4,2172,0.55,71.2,12.2,"85.30%","4.70%",0,0,0,7690,1.88,13.1,85.1,"13.40%","0.50%",2,14,93,1,17,18,1483.3,-19.1,0,0,0,51.1,11,4,110.7
"24","Johnny Oduya",35,"D","24-Jul-17",1,"$2,250,000","$1,000,000","SWE",72,195,2001,7,221,52,-4,-3.3,18,0,0,-0.9,31.5,49.9,170,0,0,0,"$3,750,000.00","$3,750,000.00",2,7,3,9,"34.60%","7.30%",980,"53.5","59.8","47.20%","-2.30%",2,5,113,66,35,5,4,"9",83.1,27,59,30,12,90,0,"0.00%",721,800,522,526,96,101,0,0,0,0,424,0.17,30.3,15.2,"66.70%","-13.40%",0,0,0,7243,2.23,13.2,117.1,"10.10%","1.80%",2,28,235,8,36,44,4141.9,10.2,0,0,0,31.3,75,22,519.5
"25","Colton Parayko",24,"D","20-Jul-17",5,"$27,500,000","$5,500,000","CAN",78,226,2012,3,86,81,7,1.7,32,0,2,1.6,65.8,66,229,0,4,1,"$925,000.00","$858,750.00",0,24,13,24,"44.40%","8.40%",1008,"52.8","50.7","51.00%","4.30%",5.3,8,290,188,137,4,11,"15",288,69,146,31,32,88,0,"0.00%",1196,1145,885,847,151,150,4,6,3,10,8508,1.77,91.4,9.4,"90.70%","3.40%",0,1,1,10262,2.11,11.4,77.7,"12.80%","3.30%",4,23,79,6,20,26,1277.1,11,3,4,7,126.8,7,3,70.9
"26","Duncan Siemens",23,"D","18-Jul-17",1,"$750,000","$750,000","CAN",75,210,2011,1,11,3,-2,-0.5,2,0,0,-0.8,0.9,1.4,13,0,0,0,"$874,125.00","$874,125.00",0,0,0,0,"0.00%","0.00%",882,"49.5","57","46.50%","-5.90%",0.1,0,4,3,2,0,0,"0",0,9,0,2,0,1,0,"0.00%",28,32,19,26,2,5,0,0,0,0,0,0,0,0,"0.00%","-100.00%",0,0,0,193,1.08,18.3,55,"25.00%","-19.40%",0,0,1,0,0,0,14,-9.8,0,0,0,0,0,0,0
"27","Dillon Simpson",24,"D","15-Jul-17",1,"$675,000","$675,000","CAN",74,194,2011,4,92,3,0,0,2,0,0,-0.8,0.8,1,7,0,0,0,"$925,000.00","$836,667.00",0,0,0,0,"0.00%","7.70%",994,"45.5","49.6","47.80%","-1.00%",0.1,0,5,3,2,0,0,"0",0,3,3,1,0,2,0,"0.00%",25,27,16,19,2,4,0,0,0,0,0,0,0,0,"0.00%","0.00%",0,0,0,0,0.2,0,0,"0.00%","-18.20%",0,0,0,0,0,0,0,0,0,0,0,0,0,0,0
"28","Kevin Gravel",25,"D","14-Jul-17",1,"$650,000","$650,000","USA",76,212,2010,5,148,49,3,4.2,6,0,0,6.7,28.4,20.8,144,0,0,1,"$667,500.00","$667,500.00",0,5,3,5,"23.80%","6.70%",1005,"59","48.5","54.90%","5.50%",1.9,0,102,76,46,1,7,"8",87.1,71,102,23,2,60,0,"0.00%",611,500,457,349,73,56,1,1,0,2,2832,1.01,85.6,9.6,"89.90%","-0.70%",0,0,0,1512,0.55,11,60.2,"15.40%","-3.00%",0,4,5,0,0,0,52.5,1.1,0,0,0,3.4,0,0,1.6
"29","Jaccob Slavin",23,"D","12-Jul-17",7,"$37,100,000","$5,300,000","USA",74,205,2012,4,120,82,23,10.7,12,0,0,5.5,83.8,82.5,208,2,4,2,"$742,500.00","$742,500.00",4,22,11,26,"38.80%","9.00%",1017,"56.1","49.7","53.00%","4.30%",3.3,3,177,121,77,3,6,"9",230.4,30,112,33,70,108,0,"0.00%",1425,1264,1040,938,235,204,0,4,2,4,4557,0.97,91.8,4.5,"95.40%","5.00%",1,3,4,15349,2.95,16,77.1,"17.10%","-2.70%",7,40,63,2,13,15,1088.3,1.8,0,4,4,53,22,6,128.8
"30","Derrick Pouliot",23,"D","12-Jul-17",1,"$800,000","$800,000","CAN",72,208,2012,1,8,11,-4,-1.8,4,0,0,-1.2,6.7,9.4,26,0,0,0,"$832,500.00","$863,333.00",0,0,0,0,"0.00%","4.80%",972,"52.6","57","48.00%","-1.00%",0.3,0,17,12,10,1,0,"1",0,14,14,5,2,6,0,"0.00%",123,132,90,101,19,32,0,0,0,0,647,0.99,93,10.9,"89.50%","3.40%",0,0,0,731,1.14,9.5,104.1,"8.30%","-1.90%",1,1,56,1,9,10,822,24.1,1,3,4,100.3,0,0,7
"31","Evan McEneny",23,"D","12-Jul-17",2,"$1,315,000","$657,500","CAN",74,203,2012,10,266,1,-1,0.5,0,0,0,0.1,0.6,0.7,0,0,0,0,"$575,000.00","$585,000.00",0,0,0,0,"0.00%","16.70%",833,"40.4","42","49.00%","-4.30%",0,0,1,1,1,0,0,"0",0,0,1,0,0,0,0,"0.00%",10,11,7,8,3,3,0,0,0,0,0,0,0,0,"0.00%","0.00%",0,0,0,0,0,0,0,"0.00%","0.00%",0,0,0,0,0,0,0,0,0,0,0,0,0,0,0
"32","Mark Pysyk",25,"D","6-Jul-17",3,"$8,200,000","$2,733,333","CAN",73,200,2010,1,23,82,0,-5.6,10,0,0,7.3,48.4,72,181,0,0,1,"$1,250,000.00","$1,125,000.00",4,13,3,17,"37.80%","7.50%",993,"51.3","48.7","51.30%","2.80%",3.8,5,166,118,83,3,3,"6",72.1,62,77,33,26,76,0,"0.00%",1078,1023,840,793,133,147,0,0,0,0,431,0.14,39.9,11.4,"77.80%","-12.30%",0,0,0,13946,2.76,11.7,92,"11.30%","-10.40%",4,23,106,4,13,17,1625.3,-35.6,0,3,3,92.3,12,3,125
"33","Jake Dotchin",23,"D","5-Jul-17",2,"$1,625,000","$812,500","CAN",75,210,2012,6,161,35,10,1.3,35,0,0,-3.7,28.5,22.1,140,0,0,0,"$615,000.00","$616,667.00",0,11,3,11,"51.20%","8.10%",1031,"57.9","51.4","53.00%","4.10%",1.4,0,92,65,43,1,4,"5",78.9,81,34,20,3,19,0,"0.00%",566,503,409,394,61,67,0,0,0,0,1950,0.92,94.4,7.5,"92.60%","6.90%",0,0,0,306,0.18,9.2,18.4,"33.30%","23.90%",0,0,0,0,0,0,0,0,0,0,0,0,0,0,0
"34","Xavier Ouellet",23,"D","3-Jul-17",2,"$2,500,000","$1,250,000","FRA",73,208,2011,2,48,66,2,-0.7,51,0,0,1.1,42,57.2,214,0,0,0,"$715,000.00","$715,000.00",3,9,6,12,"29.60%","8.40%",1013,"52.3","54.3","49.10%","2.90%",3.2,5,165,115,82,3,8,"11",133,64,63,15,8,64,0,"0.00%",909,940,697,710,129,132,0,0,0,0,367,0.12,58.1,0,"100.00%","14.70%",0,0,0,7597,1.93,14.3,95.7,"13.00%","3.40%",0,18,30,2,2,4,456.7,37.3,0,0,0,3.7,1,1,20.1
"35","Slater Koekkoek",23,"D","3-Jul-17",1,"$800,000","$800,000","CAN",74,193,2012,1,10,29,-4,-1.1,8,0,0,2.8,12.8,14.9,60,0,0,0,"$832,500.00","$894,167.00",0,4,2,4,"33.30%","7.20%",985,"50.5","55.8","47.50%","0.50%",0.9,0,68,40,27,1,1,"2",50.3,24,52,7,1,26,0,"0.00%",303,335,225,250,42,56,0,0,0,0,180,0.11,21.4,0,"100.00%","12.50%",0,0,0,658,0.39,5.3,63.9,"7.70%","-2.80%",0,1,12,0,1,1,143.1,16.5,0,0,0,0.4,0,0,2.2
"36","Mike Reilly",23,"D","2-Jul-17",2,"$1,450,000","$725,000","USA",74,193,2011,4,98,17,1,1.7,2,0,0,1.2,10,6.5,12,0,0,0,"$925,000.00","$925,000.00",1,0,0,1,"11.10%","8.50%",1004,"59.4","55.7","51.60%","1.50%",0.8,0,41,26,18,2,1,"3",0,2,21,4,0,8,0,"0.00%",184,176,143,133,22,10,0,0,0,0,1228,1.26,102,13.8,"88.10%","-2.30%",0,0,0,23,0.05,0,0,"0.00%","-12.50%",0,0,29,1,4,5,288.2,-8.7,0,2,2,53.4,0,0,1.4
"37","Steve Oleksy",31,"D","2-Jul-17",2,"$1,300,000","$650,000","USA",72,190,2004,10,266,11,2,2.1,24,0,0,-6.3,7.1,5.8,65,0,0,0,"$575,000.00","$575,000.00",0,1,0,1,"16.70%","7.20%",1013,"61.8","56.8","52.10%","2.90%",0.4,0,27,18,11,0,0,"0",0,17,27,1,1,15,0,"0.00%",142,130,106,93,24,18,0,0,0,0,3,0.03,115.4,0,"100.00%","23.50%",0,0,0,756,1.16,23.5,61.1,"27.80%","12.30%",0,2,34,2,8,10,455.5,-17,0,0,0,0.7,6,1,59.9
"38","Adam Clendening",24,"D","1-Jul-17",1,"$650,000","$650,000","USA",72,196,2011,2,36,31,3,3.6,17,0,0,-0.2,24.2,16.7,67,0,1,0,"$600,000.00","$600,000.00",1,8,1,9,"50.00%","8.60%",996,"59.8","46.6","56.20%","9.10%",1.3,0,76,51,35,0,2,"2",24.2,20,64,18,6,26,0,"0.00%",438,340,315,255,55,43,1,1,0,2,2743,1.5,70.1,12.8,"84.50%","-6.50%",0,0,0,107,0.06,0,73.9,"0.00%","-20.00%",0,0,50,1,7,8,709.4,-3.8,1,2,3,63.5,0,0,0.9
"39","Ryan Murphy",24,"D","1-Jul-17",1,"$700,000","$700,000","CAN",71,185,2011,1,12,27,-11,-3.3,8,0,0,2.8,13.9,13.8,41,0,0,0,"$750,000.00","$787,500.00",0,2,0,2,"40.00%","3.50%",946,"50.8","54.6","48.20%","-1.70%",0.7,0,39,22,15,0,2,"2",0,2,29,8,8,30,0,"0.00%",288,310,201,228,40,38,0,0,0,0,639,0.4,61.8,11.2,"84.60%","-10.00%",0,0,0,2,0.02,0,0,"0.00%","-25.80%",0,0,120,2,24,26,1865,2.9,4,5,9,256.5,0,0,7.8
"40","Dan Girardi",33,"D","1-Jul-17",2,"$6,000,000","$3,000,000","CAN",73,212,2002,10,266,63,8,-9,16,0,3,1.1,45.5,64.1,289,1,0,0,"$6,000,000.00","$5,500,000.00",3,10,2,13,"36.60%","7.60%",1001,"51.1","64.7","44.10%","-3.30%",2,3,117,76,52,1,4,"5",49.5,102,86,39,8,136,0,"0.00%",875,1110,667,778,139,145,0,0,0,0,158,0.06,34.4,0,"100.00%","6.00%",1,1,2,8505,2.23,16.3,94.7,"14.70%","-5.90%",2,24,237,9,42,51,4279.3,-28,2,4,6,246.9,93,62,639.2
"41","Trevor Daley",33,"D","1-Jul-17",3,"$9,500,000","$3,166,667","CAN",71,195,2002,2,43,56,7,3.1,37,0,0,0.6,55.8,61.4,150,1,2,0,"$2,700,000.00","$3,300,000.00",4,10,2,14,"30.40%","9.40%",1014,"55.2","63.8","46.40%","-3.50%",4.6,11,122,91,67,3,5,"8",35.3,23,43,17,13,61,0,"0.00%",813,939,637,670,138,137,1,3,2,4,5503,1.71,84.4,14.8,"85.00%","-0.50%",0,1,1,7982,2.39,12.5,101.8,"10.90%","-5.80%",5,19,217,21,43,64,3597.6,2.6,8,17,25,393.3,63,11,404.2
"42","Frank Corrado",24,"D","1-Jul-17",1,"$650,000","$650,000","CAN",72,205,2011,5,150,4,-1,-1.4,8,0,0,-1.8,1.3,2.5,14,0,0,0,"$600,000.00","$600,000.00",0,0,0,0,"0.00%","6.10%",996,"63.6","66","49.10%","-1.60%",0.3,0,10,8,2,0,0,"0",0,4,2,1,0,1,0,"0.00%",42,45,26,42,1,7,0,0,0,0,17,0.07,444.4,0,"100.00%","11.10%",0,0,0,128,0.6,0,24.2,"0.00%","-23.50%",0,1,64,3,4,7,822.8,8.1,0,1,1,30,1,4,31.3
"43","Jordan Oesterle",25,"D","1-Jul-17",2,"$1,300,000","$650,000","USA",72,182,2010,10,266,2,-1,0.9,0,0,0,0.2,1.4,1,5,0,0,0,"$585,000.00","$585,000.00",0,0,0,0,"0.00%","0.00%",889,"75","47.8","61.10%","12.90%",0.1,0,9,3,2,0,1,"1",0,2,0,2,2,3,0,"0.00%",43,27,19,19,7,3,0,0,0,0,36,0.35,0,0,"0.00%","-88.90%",0,0,0,0,0,0,0,"0.00%","0.00%",0,0,23,0,6,6,373.2,-4.8,0,0,0,37.1,3,0,20.3
"44","Ron Hainsey",36,"D","1-Jul-17",2,"$6,000,000","$3,000,000","USA",75,210,2000,1,13,72,-8,-2.1,21,1,1,3.7,71.5,82.3,235,2,0,0,"$2,500,000.00","$2,833,333.00",3,11,6,14,"35.00%","6.60%",983,"56.4","56.6","49.90%","1.20%",2.4,2,160,90,55,4,11,"15",182.6,84,62,42,19,90,0,"0.00%",1224,1239,904,952,221,192,0,0,0,0,808,0.24,39.9,4.6,"89.60%","-2.00%",1,2,3,13032,2.9,15.9,84.8,"15.80%","1.10%",4,24,244,11,31,42,4549.5,8.7,0,1,1,87.3,38,16,554.3
"45","Kevin Shattenkirk",28,"D","1-Jul-17",4,"$26,600,000","$6,650,000","USA",72,209,2007,1,14,80,-7,6.4,47,0,2,-8.6,77.6,49.8,231,0,4,3,"$5,200,000.00","$4,250,000.00",5,24,11,29,"62.40%","7.80%",995,"52.2","46.2","53.00%","5.40%",4.4,6,211,143,102,2,5,"7",258.1,83,107,33,23,80,0,"0.00%",1092,966,829,698,151,126,8,19,7,27,15383,3.12,90.5,12.9,"87.50%","-3.70%",0,0,0,1476,0.39,10.2,43.8,"18.80%","8.50%",1,3,209,15,39,54,3475.7,25.5,17,60,77,659.8,24,6,276.5
"46","Cameron Gaunce",27,"D","1-Jul-17",1,"$650,000","$650,000","CAN",73,210,2008,2,50,12,1,1.8,13,0,0,-3.3,7.1,6.5,47,0,0,1,"$575,000.00","$575,000.00",1,3,3,4,"66.70%","7.80%",1000,"61.3","59","50.90%","2.40%",0.6,1,17,14,8,0,0,"0",71.3,23,12,5,1,8,0,"0.00%",142,138,102,90,19,13,0,0,0,0,0,0,0,0,"0.00%","0.00%",0,0,0,743,1.06,9.3,84.1,"10.00%","2.00%",1,2,9,0,0,0,114.5,13.6,0,0,0,0.7,0,0,9.4
"47","Joel Hanley",26,"D","1-Jul-17",1,"$725,000","$725,000","CAN",72,193,2009,10,266,7,-3,-0.2,4,0,0,-0.7,2.5,2.5,16,0,0,0,"$600,000.00","$600,000.00",0,0,0,0,"0.00%","3.60%",882,"45.9","47.6","49.10%","-5.90%",0.1,0,5,5,5,0,1,"1",0,8,16,3,1,4,0,"0.00%",55,56,37,37,8,7,0,0,0,0,0,0.01,0,0,"0.00%","-78.60%",0,0,0,0,0.06,0,0,"0.00%","-9.80%",0,0,10,0,6,6,133.1,-2.7,0,0,0,5.8,0,0,7.7
"48","Luke Witkowski",27,"D","1-Jul-17",2,"$1,500,000","$750,000","USA",74,217,2008,6,160,34,-1,3.2,39,0,0,-11.3,14.7,11.4,144,0,0,0,"$575,000.00","$575,000.00",0,4,0,4,"40.00%","5.90%",1002,"56","56.6","49.70%","1.20%",1.7,6,42,31,24,2,1,"3",0,81,52,8,2,21,0,"0.00%",309,312,231,244,43,27,0,0,0,0,189,0.11,76.5,0,"100.00%","10.40%",0,0,0,65,0.05,0,9.9,"0.00%","-8.50%",1,0,20,0,0,0,260.2,30.5,0,0,0,0.2,0,3,10.9
"49","Dmitry Kulikov",26,"D","1-Jul-17",3,"$13,000,000","$4,333,333","RUS",73,204,2009,1,14,47,-26,-9.6,26,0,0,-2,35.4,48.6,158,0,0,0,"$4,500,000.00","$4,333,333.00",1,1,0,2,"12.50%","3.90%",970,"49.4","60.6","44.90%","-2.30%",1.2,0,90,53,33,0,3,"3",0,54,90,29,14,61,0,"0.00%",729,892,549,685,98,108,1,2,1,3,2475,0.95,84.6,11.8,"87.70%","-1.80%",0,0,0,4528,1.63,11.3,111,"9.30%","2.00%",2,10,228,8,31,39,3890.4,-1,3,14,17,387.3,50,17,496.6
"50","Brad Hunt",28,"D","1-Jul-17",2,"$1,300,000","$650,000","CAN",69,187,2007,10,266,12,-1,-1.5,2,0,0,0.9,6.1,8.1,5,0,0,0,"$600,000.00","$600,000.00",0,4,2,4,"50.00%","11.40%",1021,"51.3","57.4","47.20%","1.40%",0.5,0,22,15,10,0,1,"1",34.6,0,11,3,3,2,0,"0.00%",139,155,104,127,12,16,1,1,0,2,442,0.64,53.4,22.9,"70.00%","1.30%",0,0,0,178,0.3,0,33,"0.00%","-19.40%",0,0,21,0,2,2,293.1,-40,1,0,1,46.7,0,0,6.9
"51","Brian Strait",29,"D","1-Jul-17",1,"$650,000","$650,000","USA",73,206,2006,3,65,5,-1,-0.5,0,0,0,0.4,3.6,3.9,13,0,0,0,"$600,000.00","$600,000.00",0,2,2,2,"66.70%","10.90%",1026,"53.4","68.9","43.60%","-0.40%",0.2,0,10,7,3,0,0,"0",45,5,2,0,0,7,0,"0.00%",67,86,48,57,12,15,0,0,0,0,57,0.28,32.4,32.4,"50.00%","-37.00%",0,0,0,92,0.32,0,36.6,"0.00%","-4.00%",0,1,151,6,13,19,2285,-27,0,0,0,8.8,31,13,283.8
"52","Karl Alzner",28,"D","1-Jul-17",5,"$23,125,000","$4,625,000","CAN",75,219,2007,1,5,82,23,-5.4,28,0,0,-0.4,54.5,82.7,295,1,0,3,"$2,800,000.00","$2,800,000.00",3,10,5,13,"22.80%","9.70%",1040,"49.8","55.4","47.30%","-2.70%",2.9,2,150,110,72,2,5,"7",96.6,86,102,36,10,117,0,"0.00%",1102,1227,826,909,165,187,0,0,0,0,204,0.08,12.4,10.1,"55.00%","-33.40%",0,0,0,15054,3.07,11.4,86.9,"11.60%","-7.50%",7,38,246,11,46,57,4212.3,-6.1,0,1,1,10.4,122,40,687.2
"53","Christian Folin",26,"D","1-Jul-17",1,"$850,000","$850,000","SWE",75,204,2009,10,266,51,10,2.5,26,0,0,-3.4,26.6,32.4,154,0,0,0,"$850,000.00","$725,000.00",2,6,2,8,"28.10%","8.30%",1022,"52.5","58.7","47.20%","-0.60%",1.4,0,94,57,39,3,3,"6",43,67,97,15,9,55,0,"0.00%",616,694,465,527,81,82,0,0,0,0,116,0.11,18.1,0,"100.00%","6.90%",0,0,0,2933,0.98,10.2,96.7,"9.50%","3.40%",0,3,67,2,12,14,926.6,-45.6,0,1,1,7.7,9,2,64.3
"54","Paul Postma",28,"D","1-Jul-17",1,"$725,000","$725,000","CAN",75,195,2007,7,205,65,3,-1.9,15,0,0,-1.6,27.6,30.1,94,0,0,0,"$925,000.00","$887,500.00",1,13,7,14,"51.90%","8.00%",1013,"54.2","57.5","48.50%","1.50%",2.4,5,117,67,49,3,6,"9",162.2,36,70,29,10,42,0,"0.00%",631,669,460,494,85,94,0,0,0,0,118,0.03,37.4,0,"100.00%","11.80%",0,0,0,128,0.05,0,39.3,"0.00%","-7.80%",0,0,88,3,6,9,1131.1,11.7,2,0,2,67.6,0,0,12.5
"55","Seth Helgeson",26,"D","1-Jul-17",1,"$650,000","$650,000","USA",76,210,2009,4,114,9,2,0.4,15,0,0,-1.5,4.4,5.3,45,0,0,0,"$600,000.00","$587,500.00",1,0,0,1,"25.00%","8.60%",1049,"47.6","52.7","47.40%","5.30%",0.2,0,11,8,3,0,0,"0",0,15,6,0,0,9,0,"0.00%",89,99,73,72,12,9,0,0,0,0,0,0,0,0,"0.00%","-100.00%",0,0,0,550,1.05,6.2,74.9,"7.70%","-9.00%",0,2,41,0,3,3,532.4,-27.5,0,0,0,0.6,5,6,29.4
"56","Jamie McBain",29,"D","1-Jul-17",1,"$650,000","$650,000","USA",73,180,2006,2,63,3,-1,-0.5,0,0,0,0.3,3.1,3.4,4,0,0,0,"$650,000.00","$650,000.00",0,0,0,0,"0.00%","8.50%",974,"58.2","72.6","44.50%","-5.50%",0,0,5,3,2,0,0,"0",0,0,3,1,1,2,0,"0.00%",41,50,33,42,11,10,0,0,0,0,342,1.98,99.6,0,"100.00%","12.00%",0,0,0,0,0.09,0,0,"0.00%","-16.70%",0,0,139,7,13,20,1907.6,1.8,4,10,14,270.7,7,1,74.5
"57","Justin Schultz",26,"D","1-Jul-17",3,"$16,500,000","$5,500,000","CAN",74,193,2008,2,43,78,27,12.5,34,0,1,1.3,98.4,62.7,217,0,2,4,"$1,400,000.00","$1,400,000.00",9,22,7,31,"43.70%","9.70%",1023,"58.1","55.1","51.30%","1.90%",5.4,12,215,147,112,1,5,"6",125.9,65,155,30,19,101,0,"0.00%",1276,1213,965,861,230,187,3,17,7,20,12946,2.68,98.5,13.7,"87.80%","3.60%",0,0,0,322,0.11,31,46.4,"40.00%","26.20%",1,1,218,18,32,50,3898.3,-16.4,3,29,32,608.3,26,2,145.6
"58","Joe Morrow",24,"D","1-Jul-17",1,"$650,000","$650,000","CAN",72,199,2011,1,23,17,-4,-0.5,8,0,0,0.2,8.5,8.8,56,0,0,0,"$800,000.00","$800,000.00",0,1,1,1,"25.00%","3.50%",963,"57.2","50.4","53.20%","2.20%",0.7,1,38,29,18,0,1,"1",59,28,30,7,1,16,0,"0.00%",235,208,169,148,16,23,0,0,0,0,42,0.08,31.7,0,"100.00%","10.20%",0,0,0,827,0.88,7.8,82.2,"8.70%","-15.70%",0,2,48,2,4,6,703.1,-5.1,0,2,2,33.5,3,2,16.8
"59","Patrick Wiercioch",26,"D","1-Jul-17",1,"$650,000","$650,000","CAN",77,202,2008,2,42,57,-18,-12.8,23,0,0,-2.3,29.9,42.3,133,0,0,1,"$800,000.00","$800,000.00",4,8,3,12,"66.70%","5.20%",969,"50.1","57.2","46.70%","-0.80%",2.1,2,122,76,56,0,3,"3",110.5,44,50,15,5,52,0,"100.00%",667,762,489,591,61,103,0,0,0,0,3164,0.96,68,4.3,"94.00%","6.50%",0,0,0,4840,1.43,12.5,71.1,"15.00%","4.80%",0,4,161,3,19,22,2383.4,13.5,4,15,19,293.5,3,2,54.7
"60","Michael Del Zotto",27,"D","1-Jul-17",2,"$6,000,000","$3,000,000","CAN",72,195,2008,1,20,51,-5,1.9,28,0,0,2.9,40.9,40.6,286,0,1,0,"$4,000,000.00","$3,875,000.00",6,10,5,16,"47.10%","8.10%",996,"58.8","55.8","51.30%","2.80%",3.7,7,154,105,73,2,5,"7",122.1,152,76,24,9,67,0,"0.00%",829,789,596,562,119,110,0,1,0,1,2926,1,67.5,17.3,"79.60%","-9.30%",0,1,1,3916,1.3,5.3,77.1,"6.50%","-4.80%",0,7,183,14,32,46,3146.4,2.5,2,12,14,257.8,34,29,263.1
"61","Matt Hunwick",32,"D","1-Jul-17",3,"$6,750,000","$2,250,000","USA",71,200,2004,7,224,72,8,-0.3,18,0,0,-1.6,51.5,66.6,199,0,1,0,"$1,200,000.00","$1,200,000.00",1,18,9,19,"44.20%","8.40%",1015,"55.3","56.6","49.40%","-1.20%",2.7,3,167,105,67,1,10,"11",208.7,79,106,35,18,62,0,"0.00%",996,1015,751,746,159,148,0,0,0,0,241,0.09,19.2,9.6,"66.70%","-14.80%",0,0,0,11500,2.6,13,100.2,"11.50%","1.30%",8,27,116,4,13,17,1898,11.5,0,4,4,38.9,32,20,238
"62","David Warsofsky",27,"D","1-Jul-17",2,"$1,350,000","$675,000","USA",69,170,2008,4,95,7,-3,-1,6,0,0,-1.4,5,7.4,21,0,0,0,"$575,000.00","$575,000.00",0,1,1,1,"25.00%","7.30%",970,"63.9","65.3","49.50%","-0.50%",0.4,0,28,20,11,0,1,"1",25.8,1,3,1,2,12,0,"0.00%",102,106,76,78,11,21,0,0,0,0,384,0.97,74.1,34.7,"68.10%","-14.50%",0,0,0,343,0.87,29.1,106.6,"21.40%","-5.80%",0,0,32,1,2,3,462.3,30.8,1,1,2,69.1,0,0,6
"63","Matt Tennyson",27,"D","1-Jul-17",2,"$1,300,000","$650,000","USA",74,205,2008,10,266,45,-13,-5.6,6,0,0,0.9,23.3,32.2,119,0,0,1,"$675,000.00","$675,000.00",0,6,4,6,"31.60%","7.40%",963,"51.9","57.9","47.30%","-2.40%",1.3,1,80,48,35,3,5,"8",104.6,65,98,11,11,46,0,"0.00%",497,561,358,424,74,102,0,0,0,0,121,0.07,96.3,0,"100.00%","8.10%",0,0,0,829,0.33,24,95.8,"20.00%","7.70%",0,2,56,1,7,8,676.3,-11.5,2,1,3,80.3,3,4,11.7
"64","Cam Fowler",25,"D","1-Jul-17",8,"$52,000,000","$6,500,000","USA",73,207,2010,1,12,80,7,5.4,20,0,3,5.2,107.2,94.4,183,2,3,7,"$4,000,000.00","$4,000,000.00",5,17,8,22,"38.90%","8.40%",1008,"54","54.9","49.60%","1.90%",4.6,7,209,140,99,2,5,"7",184.2,27,118,51,20,92,0,"0.00%",1303,1320,983,986,215,179,5,10,2,15,14888,3.02,113,14.5,"88.60%","-0.20%",1,1,2,13232,2.73,12.7,102.2,"11.10%","-3.90%",6,27,219,8,46,54,3736.2,-3,8,33,41,635.7,62,20,474
"65","Marc-Edouard Vlasic",30,"D","1-Jul-17",8,"$56,000,000","$7,000,000","CAN",73,205,2005,2,35,75,4,0.6,35,1,2,5,60.1,65,200,1,1,1,"$4,250,000.00","$4,250,000.00",5,15,9,20,"42.60%","8.90%",1007,"51","54.8","48.20%","-2.90%",4.7,11,237,161,108,3,4,"7",198.8,17,97,45,19,115,0,"0.00%",1051,1130,766,765,141,135,1,6,3,7,8663,1.92,84.8,10,"89.40%","1.60%",0,1,1,9351,2.06,9.5,114,"7.70%","-3.10%",1,22,218,19,49,68,3906.7,28.4,2,12,14,270.6,78,9,489.1
"66","Patrik Nemeth",25,"D","1-Jul-17",1,"$945,000","$945,000","SWE",75,215,2010,2,41,40,-4,2.5,14,0,0,-1.1,26.1,29.7,106,0,0,0,"$900,000.00","$900,000.00",0,3,2,3,"16.70%","5.90%",986,"56.5","56.9","49.80%","0.40%",2.3,5,88,59,45,3,3,"6",61.1,43,51,17,10,44,0,"0.00%",548,553,411,398,81,77,0,0,0,0,98,0.06,76.6,25.5,"75.00%","-12.10%",0,0,0,2450,1.03,10.2,110.4,"8.40%","-3.10%",0,3,68,0,10,10,979.4,8.9,0,1,1,4.5,7,6,69.8
"67","Kyle Quincey",31,"D","1-Jul-17",1,"$1,250,000","$1,250,000","CAN",74,216,2003,4,132,73,4,-6,51,0,0,-10.2,46.3,67.4,246,0,1,2,"$1,250,000.00","$1,250,000.00",6,9,4,15,"41.70%","7.00%",999,"48.3","55","46.70%","0.50%",2.8,4,151,89,72,2,1,"3",100,88,69,33,14,80,0,"0.00%",912,1041,689,777,131,153,0,0,0,0,1158,0.29,66.7,4.4,"93.80%","5.00%",0,0,0,8014,1.87,9.6,95.4,"9.20%","2.10%",3,15,202,11,30,41,3505.4,1.9,0,0,0,41.9,51,31,460
"68","Erik Burgdoerfer",28,"D","1-Jul-17",2,"$1,300,000","$650,000","USA",73,207,2007,10,266,2,-1,0.6,0,0,0,0.1,1.3,0.8,5,0,0,0,"$575,000.00","$575,000.00",0,0,0,0,"0.00%","0.00%",889,"54.3","55.9","49.30%","5.50%",0,0,3,3,2,0,0,"0",0,5,2,1,0,0,0,"0.00%",21,21,19,14,5,3,0,0,0,0,0,0,0,0,"0.00%","0.00%",0,0,0,0,0,0,0,"0.00%","0.00%",0,0,0,0,0,0,0,0,0,0,0,0,0,0,0
"69","Alex Petrovic",25,"D","30-Jun-17",1,"$1,850,000","$1,850,000","CAN",76,206,2010,2,36,49,-1,-1.9,79,0,0,-10,33.1,40.3,243,0,0,0,"$1,200,000.00","$1,050,000.00",1,13,5,14,"46.70%","7.30%",990,"53.2","51.7","50.70%","3.50%",1.7,0,106,79,52,1,1,"2",118.8,103,68,22,15,49,0,"0.00%",711,690,567,540,97,114,0,0,0,0,326,0.16,39,13.3,"74.60%","-19.30%",0,0,0,3865,1.33,13.3,81.1,"14.10%","-3.70%",1,4,106,2,18,20,1558.5,-16.9,0,0,0,13.5,13,9,131.3
"70","Michael Stone",27,"D","30-Jun-17",3,"$10,500,000","$3,500,000","CAN",75,210,2008,3,69,64,0,-13.1,32,0,0,-0.8,47.1,63.9,300,0,1,0,"$4,000,000.00","$4,000,000.00",2,8,5,10,"29.90%","7.90%",1018,"48","62.9","43.30%","-4.70%",2.2,0,150,98,62,4,1,"5",124,114,86,20,3,106,1,"100.00%",830,1086,605,811,125,168,1,4,1,5,4980,1.3,68,13.1,"83.90%","-5.80%",0,0,0,6977,1.78,17.1,98.3,"14.80%","-2.00%",1,31,226,15,34,49,3783.7,-8.7,2,23,25,379.1,81,21,397.1
"71","Dmitry Orlov",25,"D","30-Jun-17",6,"$30,600,000","$5,100,000","RUS",71,212,2009,2,55,82,30,6.5,51,0,0,-2.5,72.7,61.6,268,1,0,3,"$2,570,000.00","$2,570,000.00",5,22,14,27,"37.50%","9.70%",1026,"58.6","49.2","54.30%","6.50%",5.4,7,216,147,111,3,9,"12",274.5,112,82,47,30,89,0,"0.00%",1412,1190,1038,899,206,198,1,5,3,6,5605,1.2,86.2,11.3,"88.40%","-0.60%",0,0,0,1188,0.3,21.6,57.5,"27.30%","12.80%",0,1,136,11,26,37,2258.7,10,0,3,3,52,0,2,30.6
"72","Brendan Smith",28,"D","28-Jun-17",4,"$17,400,000","$4,350,000","CAN",74,211,2007,1,27,51,1,-0.3,63,0,1,-0.4,38.1,46.8,190,0,0,1,"$3,250,000.00","$2,750,000.00",2,4,4,6,"20.70%","7.70%",1005,"50.6","52","49.30%","3.50%",2.7,6,106,74,49,1,7,"8",94.4,48,72,31,10,55,0,"0.00%",683,708,524,539,104,123,1,2,2,3,2719,0.91,104.3,15.4,"87.20%","-0.80%",0,0,0,5732,1.88,12.2,83.6,"12.70%","-3.10%",1,10,210,10,33,43,3431.5,31.9,2,2,4,67,25,15,213.7
"73","Dylan McIlrath",25,"D","28-Jun-17",2,"$1,300,000","$650,000","CAN",77,236,2010,1,10,6,-2,-1.7,14,0,0,-2.7,1.4,2.7,35,0,0,0,"$800,000.00","$800,000.00",1,0,0,1,"100.00%","6.70%",960,"40.2","55.9","41.80%","-8.00%",0.1,0,11,6,3,0,0,"0",0,15,4,3,1,4,0,"0.00%",37,52,27,42,4,9,0,0,0,0,0,0.03,0,0,"0.00%","-88.90%",0,0,0,66,0.22,0,44,"0.00%","-28.60%",0,0,37,2,2,4,469.7,72.6,0,0,0,1.2,3,1,25.6
"74","Brian Lashoff",26,"D","28-Jun-17",2,"$1,300,000","$650,000","USA",75,221,2009,10,266,5,-3,0.7,0,0,0,0.3,2.5,1.9,12,0,0,0,"$650,000.00","$650,000.00",0,0,0,0,"0.00%","3.70%",847,"50.4","38","57.00%","8.30%",0.1,0,5,2,1,0,0,"0",0,8,7,1,0,4,0,"0.00%",51,38,37,28,9,7,0,0,0,0,0,0.06,0,0,"0.00%","-88.50%",0,0,0,220,0.55,28.7,57.4,"33.30%","25.60%",0,0,86,1,7,8,1035.9,1.5,0,0,0,0.9,39,7,188.9
"75","Jaycob Megna",24,"D","28-Jun-17",2,"$1,300,000","$650,000","USA",78,225,2012,7,210,1,1,-0.1,0,0,0,0.1,0.7,0.8,0,0,0,0,"$925,000.00","$786,667.00",0,0,0,0,"0.00%","16.70%",1167,"55","66.9","45.10%","4.40%",0,0,1,0,0,0,0,"0",0,0,0,0,0,0,0,"0.00%",13,16,7,14,2,4,0,0,0,0,0,0,0,0,"0.00%","0.00%",0,0,0,59,0.98,0,61.2,"0.00%","-20.00%",0,0,0,0,0,0,0,0,0,0,0,0,0,0,0
"76","Chris Butler",30,"D","28-Jun-17",2,"$1,300,000","$650,000","USA",73,196,2005,4,96,1,0,-0.6,0,0,0,0.1,0.3,1.1,2,0,0,0,"$600,000.00","$600,000.00",0,0,0,0,"0.00%","20.00%",1117,"39.3","67.5","36.80%","-8.80%",0,0,3,1,1,0,0,"0",0,0,1,1,0,2,0,"0.00%",12,21,7,18,0,4,0,0,0,0,17,0.58,0,0,"0.00%","-93.80%",0,0,0,95,1.6,0,37.2,"0.00%","0.00%",0,0,120,4,19,23,2003.5,-39.5,0,0,0,40.8,24,10,232.9
"77","Eric Gryba",29,"D","27-Jun-17",2,"$1,800,000","$900,000","CAN",76,225,2006,3,68,40,-5,-2.5,65,0,2,-11.1,25.5,32.5,262,1,0,1,"$950,000.00","$950,000.00",2,4,3,6,"35.30%","5.50%",982,"57.5","52.7","52.20%","3.80%",2.1,7,101,64,45,1,3,"4",98.9,131,50,20,5,38,0,"0.00%",564,518,407,390,88,95,0,0,0,0,48,0.03,0,0,"0.00%","-87.90%",0,0,0,3146,1.33,6.7,92.3,"6.80%","-5.20%",1,5,185,3,25,28,2614.1,-6.2,0,0,0,11.8,42,62,484
"78","Taylor Fedun",29,"D","26-Jun-17",2,"$1,300,000","$650,000","CAN",73,198,2006,10,266,27,3,0,16,0,0,-4.9,15.2,13.3,43,0,1,1,"$600,000.00","$600,000.00",0,4,2,4,"33.30%","7.80%",1024,"56.4","49","53.50%","6.10%",0.7,0,37,26,19,0,3,"3",50.6,7,23,9,5,20,0,"0.00%",305,263,217,201,29,40,0,3,0,3,1950,1.28,78.3,10.2,"88.50%","-2.80%",0,0,0,9,0.04,0,0,"0.00%","-10.00%",0,0,12,2,3,5,166.6,-33,0,2,2,11.1,1,0,6.8
"79","Esa Lindell",23,"D","26-Jun-17",2,"$4,400,000","$2,200,000","FIN",75,215,2012,3,74,73,8,-4.1,22,1,2,4.5,67.9,84,234,1,1,3,"$802,500.00","$745,833.00",6,10,4,16,"30.80%","8.30%",1014,"55.1","57.9","48.80%","-2.20%",3.4,6,176,116,80,4,7,"11",92.9,87,95,42,27,100,0,"0.00%",1210,1275,876,927,173,198,0,2,1,2,4563,1.06,80.3,12.4,"86.60%","-4.60%",0,0,0,8879,1.99,14.6,96.4,"13.20%","1.40%",3,13,4,0,0,0,55.6,3.2,0,0,0,0,0,0,1.7
"80","Gustav Olofsson",22,"D","26-Jun-17",2,"$1,450,000","$725,000","SWE",75,195,2013,2,46,13,-1,1.8,2,0,0,-0.1,10.2,5.6,28,0,0,1,"$925,000.00","$795,000.00",0,2,0,2,"33.30%","7.30%",977,"51.8","61.7","45.70%","-2.50%",0.4,1,20,12,6,1,1,"2",0,10,16,1,3,15,0,"0.00%",141,168,109,108,26,19,0,1,0,1,504,0.67,122,13.6,"90.00%","4.60%",0,0,0,47,0.12,0,0,"0.00%","-25.90%",0,0,2,0,0,0,18.6,-6.5,0,0,0,0,0,0,0
"81","Andrej Sustr",26,"D","26-Jun-17",1,"$1,950,000","$1,950,000","CZE",79,220,2009,10,266,80,-10,-4.8,43,0,1,-12.9,46.6,64.8,191,1,0,0,"$1,600,000.00","$1,450,000.00",3,11,5,14,"37.80%","6.30%",986,"52.7","54.9","49.00%","0.20%",3.3,6,159,115,89,2,6,"8",144.5,41,97,40,13,70,0,"0.00%",1068,1115,817,846,108,127,0,0,0,0,431,0.11,23,17.9,"56.20%","-34.50%",0,0,0,10012,2.13,9.1,97,"8.60%","-2.20%",5,30,192,5,34,39,2903.7,2.2,0,1,1,17.7,28,8,295.7
"82","Korbinian Holzer",29,"D","25-Jun-17",2,"$1,800,000","$900,000","DEU",75,215,2006,4,111,32,0,-2.9,23,0,0,-3,13.6,17.2,129,0,0,2,"$700,000.00","$700,000.00",2,5,2,7,"50.00%","9.60%",1024,"40.1","59","40.50%","-7.80%",0.9,3,36,23,14,1,1,"2",38.6,65,47,10,1,30,0,"0.00%",269,395,206,288,39,41,0,0,0,0,64,0.05,0,0,"0.00%","-85.70%",0,0,0,1651,0.92,21,73.4,"22.30%","6.80%",2,4,63,0,9,9,892.7,-12.4,0,0,0,2.6,12,15,113.3
"83","Ben Chiarot",26,"D","24-Jun-17",2,"$2,800,000","$1,400,000","CAN",75,219,2009,4,120,59,2,-3.3,33,0,0,-8.2,31.3,45.5,206,0,0,0,"$850,000.00","$850,000.00",2,10,3,12,"42.90%","8.50%",1009,"47.3","57.6","45.10%","-2.50%",1.8,6,97,56,45,0,2,"2",65,69,111,37,12,72,0,"0.00%",612,742,445,552,100,114,0,0,0,0,101,0.04,133.1,33.3,"80.00%","-3.70%",0,0,0,6985,1.98,13.1,92.6,"12.40%","0.00%",1,19,111,3,15,18,1616.3,-28,0,0,0,6.1,23,9,80
"84","Kris Russell",30,"D","23-Jun-17",4,"$16,000,000","$4,000,000","CAN",70,170,2005,3,67,68,5,-2.9,23,0,1,8.4,54.9,75,304,1,1,1,"$3,100,000.00","$3,100,000.00",1,11,2,12,"28.90%","7.60%",1014,"50.1","57.9","46.40%","-2.40%",3.2,6,148,95,63,3,11,"14",49,63,100,48,34,165,0,"0.00%",1018,1174,760,788,173,166,0,1,0,1,1192,0.35,65.9,10.1,"86.70%","-4.00%",0,0,0,9435,2.25,12.6,109.8,"10.30%","-1.40%",2,35,209,8,43,51,4044.8,-42.2,7,23,30,484.6,59,8,274.2
"85","Chad Ruhwedel",27,"D","22-Jun-17",2,"$1,300,000","$650,000","USA",71,191,2008,10,266,34,9,0.1,8,0,0,0,26.5,30.3,70,0,1,0,"$575,000.00","$575,000.00",2,5,4,7,"30.40%","8.80%",1027,"54.4","57.5","48.60%","-1.00%",1.6,3,82,53,36,0,4,"4",80,35,58,11,9,24,0,"0.00%",461,489,344,356,73,80,0,3,2,3,1927,1,79.5,10.4,"88.50%","3.50%",0,0,0,2308,1.18,11.7,82.2,"12.50%","3.40%",0,2,26,0,1,1,395.6,-44.2,0,1,1,19.3,2,2,24.7
"86","Deryk Engelland",35,"D","21-Jun-17",1,"$2,000,000","$1,000,000","CAN",74,214,2000,6,194,81,2,-11.7,85,0,2,-2.1,42.4,79.1,363,0,1,3,"$2,750,000.00","$2,916,667.00",4,12,6,16,"40.00%","7.80%",1004,"48.5","55.6","46.60%","-2.30%",3.7,3,207,133,101,2,8,"10",145.4,129,111,40,14,95,1,"100.00%",977,1119,718,834,118,166,0,0,0,0,125,0.07,16.7,16.7,"50.00%","-37.00%",0,0,0,15674,3.09,12.5,92.8,"11.90%","-6.30%",5,38,201,11,21,32,2666.9,-45.1,0,1,1,17.9,31,9,196.5
"87","Tim Heed",26,"D","17-Jun-17",2,"$1,300,000","$650,000","SWE",71,165,2010,5,132,1,0,0.2,0,0,0,0.1,0.7,0.3,2,0,0,0,"$775,000.00","$775,000.00",0,0,0,0,"0.00%","0.00%",1000,"54.8","34.6","61.30%","18.30%",0,0,4,1,1,0,0,"0",0,0,1,0,1,2,0,"0.00%",14,9,9,6,2,1,0,0,0,0,51,0.85,70.6,70.6,"50.00%","-50.00%",0,0,0,0,0,0,0,"0.00%","0.00%",0,0,0,0,0,0,0,0,0,0,0,0,0,0,0
"88","Erik Gudbranson",25,"D","15-Jun-17",1,"$3,500,000","$3,500,000","CAN",77,220,2010,1,3,30,-14,-5.3,18,0,1,2.7,22,33.6,130,0,0,1,"$3,500,000.00","$3,500,000.00",1,5,5,6,"42.90%","5.90%",957,"50.2","54.6","47.90%","0.70%",1.2,2,77,45,31,1,4,"5",153,64,65,19,3,32,0,"0.00%",438,473,322,364,76,90,0,0,0,0,389,0.26,54.6,44,"55.40%","-25.70%",0,0,0,4787,2.61,9.7,87.2,"10.00%","-7.80%",0,12,205,9,17,26,3182.3,-6.9,0,5,5,131.6,53,39,491.2
"89","Yannick Weber",28,"D","13-Jun-17",1,"$650,000","$650,000","CHE",71,200,2007,3,73,73,1,-4.1,25,0,1,-4.7,30.3,35.8,151,0,0,0,"$575,000.00","$575,000.00",1,7,5,8,"23.50%","8.30%",1001,"53.3","57.7","48.00%","-2.00%",2.4,2,145,93,70,2,3,"5",109.4,71,93,26,9,51,0,"0.00%",746,808,544,592,83,107,0,0,0,0,718,0.17,51.5,23.4,"68.80%","-18.50%",0,0,0,805,0.21,11.6,62.1,"15.80%","4.70%",0,0,159,9,11,20,2143.7,-4,8,10,18,257.5,2,7,86.2
"90","Shayne Gostisbehere",24,"D","9-Jun-17",6,"$27,000,000","$4,500,000","USA",71,180,2012,3,78,76,-21,4.9,32,0,1,9.2,99.7,56,169,2,2,0,"$925,000.00","$925,000.00",5,11,1,16,"57.10%","4.80%",964,"59.6","53.1","52.90%","3.90%",5.1,8,257,179,117,2,9,"11",40.3,37,50,49,15,78,0,"0.00%",1127,1003,838,755,165,181,2,21,13,23,17458,3.65,126.8,12.9,"90.70%","5.60%",0,0,0,328,0.11,15.9,23.8,"40.00%","31.70%",0,1,66,9,15,24,973.7,-38.3,8,14,22,251.7,0,0,5
